Sector,Piscina,Corrida,Estadio,Parametro,Promedio,supervivencia
Sala 04,L0401,0028C,Zoea 1,Oxigeno,5.38,93
Sala 04,L0402,0028C,Zoea 1,Oxigeno,5.32,91
Sala 04,L0403,0028C,Zoea 1,Oxigeno,5.38,93
Sala 04,L0404,0028C,Zoea 1,Oxigeno,5.37,94
Sala 04,L0405,0028C,Zoea 1,Oxigeno,5.37,100
Sala 04,L0406,0028C,Zoea 1,Oxigeno,5.37,98
Sala 04,L0407,0028C,Zoea 1,Oxigeno,5.37,99
Sala 04,L0408,0028C,Zoea 1,Oxigeno,5.34,97
Sala 04,L0409,0028C,Zoea 1,Oxigeno,5.36,100
Sala 04,L0410,0028C,Zoea 1,Oxigeno,5.35,97
Sala 04,L0401,0029C,Zoea 1,Oxigeno,5.67,87
Sala 04,L0402,0029C,Zoea 1,Oxigeno,5.64,87
Sala 04,L0403,0029C,Zoea 1,Oxigeno,5.63,79
Sala 04,L0404,0029C,Zoea 1,Oxigeno,5.62,79
Sala 04,L0405,0029C,Zoea 1,Oxigeno,5.67,79
Sala 04,L0406,0029C,Zoea 1,Oxigeno,5.63,83
Sala 04,L0407,0029C,Zoea 1,Oxigeno,5.65,80
Sala 04,L0408,0029C,Zoea 1,Oxigeno,5.63,87
Sala 04,L0409,0029C,Zoea 1,Oxigeno,5.67,82
Sala 04,L0410,0029C,Zoea 1,Oxigeno,5.58,87
Sala 04,L0401,0030C,Zoea 1,Oxigeno,5.55,87
Sala 04,L0402,0030C,Zoea 1,Oxigeno,5.56,80
Sala 04,L0403,0030C,Zoea 1,Oxigeno,5.59,80
Sala 04,L0404,0030C,Zoea 1,Oxigeno,5.61,87
Sala 04,L0405,0030C,Zoea 1,Oxigeno,5.55,92
Sala 04,L0406,0030C,Zoea 1,Oxigeno,5.52,79
Sala 04,L0407,0030C,Zoea 1,Oxigeno,5.54,95
Sala 04,L0408,0030C,Zoea 1,Oxigeno,5.54,80
Sala 04,L0409,0030C,Zoea 1,Oxigeno,5.58,95
Sala 04,L0410,0030C,Zoea 1,Oxigeno,5.56,82
Sala 05,L0501,0030C,Zoea 1,Oxigeno,5.31,72
Sala 05,L0502,0030C,Zoea 1,Oxigeno,5.32,75
Sala 05,L0503,0030C,Zoea 1,Oxigeno,5.33,75
Sala 05,L0504,0030C,Zoea 1,Oxigeno,5.30,76
Sala 05,L0505,0030C,Zoea 1,Oxigeno,5.26,73
Sala 05,L0506,0030C,Zoea 1,Oxigeno,5.27,76
Sala 05,L0507,0030C,Zoea 1,Oxigeno,5.29,78
Sala 05,L0508,0030C,Zoea 1,Oxigeno,5.31,75
Sala 05,L0509,0030C,Zoea 1,Oxigeno,5.33,72
Sala 05,L0510,0030C,Zoea 1,Oxigeno,5.32,82
Sala 05,L0501,0031C,Zoea 1,Oxigeno,5.22,95
Sala 05,L0502,0031C,Zoea 1,Oxigeno,5.23,93
Sala 05,L0503,0031C,Zoea 1,Oxigeno,5.25,95
Sala 05,L0504,0031C,Zoea 1,Oxigeno,5.27,90
Sala 05,L0505,0031C,Zoea 1,Oxigeno,5.21,90
Sala 05,L0506,0031C,Zoea 1,Oxigeno,5.23,90
Sala 05,L0507,0031C,Zoea 1,Oxigeno,5.26,88
Sala 05,L0508,0031C,Zoea 1,Oxigeno,5.24,90
Sala 05,L0509,0031C,Zoea 1,Oxigeno,5.27,90
Sala 05,L0510,0031C,Zoea 1,Oxigeno,5.23,88
Sala 04,L0401,0032C,Zoea 1,Oxigeno,5.60,89
Sala 04,L0402,0032C,Zoea 1,Oxigeno,5.57,89
Sala 04,L0403,0032C,Zoea 1,Oxigeno,5.56,92
Sala 04,L0404,0032C,Zoea 1,Oxigeno,5.58,94
Sala 04,L0406,0032C,Zoea 1,Oxigeno,5.56,95
Sala 04,L0407,0032C,Zoea 1,Oxigeno,5.55,94
Sala 04,L0408,0032C,Zoea 1,Oxigeno,5.55,91
Sala 04,L0409,0032C,Zoea 1,Oxigeno,5.56,92
Sala 04,L0410,0032C,Zoea 1,Oxigeno,5.57,95
Sala 05,L0501,0032C,Zoea 1,Oxigeno,5.16,82
Sala 05,L0502,0032C,Zoea 1,Oxigeno,5.19,83
Sala 05,L0503,0032C,Zoea 1,Oxigeno,5.08,83
Sala 05,L0504,0032C,Zoea 1,Oxigeno,5.04,82
Sala 05,L0505,0032C,Zoea 1,Oxigeno,5.15,82
Sala 05,L0506,0032C,Zoea 1,Oxigeno,5.09,86
Sala 05,L0507,0032C,Zoea 1,Oxigeno,5.03,83
Sala 05,L0508,0032C,Zoea 1,Oxigeno,5.19,85
Sala 05,L0509,0032C,Zoea 1,Oxigeno,5.18,82
Sala 07,L0701,0032C,Zoea 1,Oxigeno,4.39,85
Sala 07,L0702,0032C,Zoea 1,Oxigeno,4.38,85
Sala 07,L0703,0032C,Zoea 1,Oxigeno,4.54,86
Sala 07,L0704,0032C,Zoea 1,Oxigeno,4.43,87
Sala 07,L0705,0032C,Zoea 1,Oxigeno,4.43,82
Sala 07,L0706,0032C,Zoea 1,Oxigeno,4.40,83
Sala 07,L0707,0032C,Zoea 1,Oxigeno,4.44,85
Sala 07,L0708,0032C,Zoea 1,Oxigeno,4.42,87
Sala 07,L0709,0032C,Zoea 1,Oxigeno,4.39,85
Sala 07,L0710,0032C,Zoea 1,Oxigeno,4.39,85
Sala 07,L0711,0032C,Zoea 1,Oxigeno,4.33,85
Sala 07,L0712,0032C,Zoea 1,Oxigeno,4.39,79
Sala 07,L0713,0032C,Zoea 1,Oxigeno,4.38,94
Sala 07,L0714,0032C,Zoea 1,Oxigeno,4.42,86
Sala 05,L0501,0033C,Zoea 1,Oxigeno,5.37,99
Sala 05,L0502,0033C,Zoea 1,Oxigeno,5.43,97
Sala 05,L0503,0033C,Zoea 1,Oxigeno,5.42,96
Sala 05,L0504,0033C,Zoea 1,Oxigeno,5.42,99
Sala 05,L0505,0033C,Zoea 1,Oxigeno,5.41,100
Sala 05,L0506,0033C,Zoea 1,Oxigeno,5.41,102
Sala 05,L0507,0033C,Zoea 1,Oxigeno,5.43,103
Sala 05,L0508,0033C,Zoea 1,Oxigeno,5.38,96
Sala 05,L0509,0033C,Zoea 1,Oxigeno,5.47,100
Sala 05,L0510,0033C,Zoea 1,Oxigeno,5.45,100
Sala 07,L0701,0033C,Zoea 1,Oxigeno,5.43,72
Sala 07,L0702,0033C,Zoea 1,Oxigeno,5.39,74
Sala 07,L0703,0033C,Zoea 1,Oxigeno,5.38,73
Sala 07,L0704,0033C,Zoea 1,Oxigeno,5.44,74
Sala 07,L0705,0033C,Zoea 1,Oxigeno,5.43,65
Sala 07,L0706,0033C,Zoea 1,Oxigeno,5.43,63
Sala 07,L0707,0033C,Zoea 1,Oxigeno,5.46,73
Sala 07,L0708,0033C,Zoea 1,Oxigeno,5.43,69
Sala 07,L0709,0033C,Zoea 1,Oxigeno,5.45,65
Sala 07,L0710,0033C,Zoea 1,Oxigeno,5.40,71
Sala 07,L0711,0033C,Zoea 1,Oxigeno,5.42,67
Sala 07,L0712,0033C,Zoea 1,Oxigeno,5.47,65
Sala 10,L1001,0033C,Zoea 1,Oxigeno,4.80,80
Sala 10,L1002,0033C,Zoea 1,Oxigeno,4.63,78
Sala 10,L1003,0033C,Zoea 1,Oxigeno,4.71,82
Sala 10,L1004,0033C,Zoea 1,Oxigeno,4.66,80
Sala 10,L1005,0033C,Zoea 1,Oxigeno,4.70,79
Sala 10,L1006,0033C,Zoea 1,Oxigeno,4.67,71
Sala 10,L1007,0033C,Zoea 1,Oxigeno,4.67,71
Sala 10,L1008,0033C,Zoea 1,Oxigeno,5.27,70
Sala 10,L1009,0033C,Zoea 1,Oxigeno,5.31,70
Sala 10,L1010,0033C,Zoea 1,Oxigeno,5.40,70
Sala 10,L1011,0033C,Zoea 1,Oxigeno,5.39,74
Sala 10,L1012,0033C,Zoea 1,Oxigeno,5.37,74
Sala 10,L1013,0033C,Zoea 1,Oxigeno,5.38,72
Sala 10,L1014,0033C,Zoea 1,Oxigeno,5.40,72
Sala 05,L0501,0034C,Zoea 1,Oxigeno,5.12,94
Sala 05,L0502,0034C,Zoea 1,Oxigeno,5.12,97
Sala 05,L0503,0034C,Zoea 1,Oxigeno,5.13,92
Sala 05,L0504,0034C,Zoea 1,Oxigeno,5.15,99
Sala 05,L0505,0034C,Zoea 1,Oxigeno,5.10,92
Sala 05,L0506,0034C,Zoea 1,Oxigeno,5.08,94
Sala 05,L0507,0034C,Zoea 1,Oxigeno,5.11,92
Sala 05,L0508,0034C,Zoea 1,Oxigeno,5.14,91
Sala 05,L0509,0034C,Zoea 1,Oxigeno,5.11,96
Sala 05,L0510,0034C,Zoea 1,Oxigeno,5.11,91
Sala 07,L0701,0034C,Zoea 1,Oxigeno,5.43,78
Sala 07,L0702,0034C,Zoea 1,Oxigeno,5.43,75
Sala 07,L0703,0034C,Zoea 1,Oxigeno,5.32,82
Sala 07,L0704,0034C,Zoea 1,Oxigeno,5.37,77
Sala 07,L0705,0034C,Zoea 1,Oxigeno,5.42,80
Sala 07,L0706,0034C,Zoea 1,Oxigeno,5.41,77
Sala 07,L0707,0034C,Zoea 1,Oxigeno,5.47,80
Sala 07,L0708,0034C,Zoea 1,Oxigeno,5.33,78
Sala 07,L0709,0034C,Zoea 1,Oxigeno,5.35,75
Sala 07,L0710,0034C,Zoea 1,Oxigeno,5.45,75
Sala 07,L0711,0034C,Zoea 1,Oxigeno,5.49,81
Sala 07,L0712,0034C,Zoea 1,Oxigeno,5.36,78
Sala 07,L0713,0034C,Zoea 1,Oxigeno,5.41,76
Sala 07,L0714,0034C,Zoea 1,Oxigeno,5.30,91
Sala 10,L1008,0034C,Zoea 1,Oxigeno,5.57,69
Sala 10,L1009,0034C,Zoea 1,Oxigeno,5.57,69
Sala 10,L1010,0034C,Zoea 1,Oxigeno,5.54,69
Sala 10,L1011,0034C,Zoea 1,Oxigeno,5.52,69
Sala 10,L1012,0034C,Zoea 1,Oxigeno,5.57,71
Sala 10,L1013,0034C,Zoea 1,Oxigeno,5.52,69
Sala 10,L1014,0034C,Zoea 1,Oxigeno,5.58,67
Sala 04,L0401,0035C,Zoea 1,Oxigeno,5.38,99
Sala 04,L0402,0035C,Zoea 1,Oxigeno,5.38,99
Sala 04,L0403,0035C,Zoea 1,Oxigeno,5.36,98
Sala 04,L0404,0035C,Zoea 1,Oxigeno,5.33,99
Sala 04,L0405,0035C,Zoea 1,Oxigeno,5.37,100
Sala 04,L0406,0035C,Zoea 1,Oxigeno,5.34,100
Sala 04,L0407,0035C,Zoea 1,Oxigeno,5.40,100
Sala 04,L0408,0035C,Zoea 1,Oxigeno,5.38,97
Sala 04,L0409,0035C,Zoea 1,Oxigeno,5.36,97
Sala 04,L0410,0035C,Zoea 1,Oxigeno,5.34,93
Sala 05,L0501,0035C,Zoea 1,Oxigeno,5.28,96
Sala 05,L0502,0035C,Zoea 1,Oxigeno,5.28,96
Sala 05,L0503,0035C,Zoea 1,Oxigeno,5.28,96
Sala 05,L0504,0035C,Zoea 1,Oxigeno,5.27,100
Sala 05,L0505,0035C,Zoea 1,Oxigeno,5.31,74
Sala 05,L0506,0035C,Zoea 1,Oxigeno,5.33,81
Sala 05,L0507,0035C,Zoea 1,Oxigeno,5.31,79
Sala 05,L0508,0035C,Zoea 1,Oxigeno,5.28,80
Sala 05,L0509,0035C,Zoea 1,Oxigeno,5.26,79
Sala 05,L0510,0035C,Zoea 1,Oxigeno,5.32,81
Sala 08,L0801,0035C,Zoea 1,Oxigeno,5.21,78
Sala 08,L0802,0035C,Zoea 1,Oxigeno,5.26,76
Sala 08,L0803,0035C,Zoea 1,Oxigeno,5.12,82
Sala 08,L0804,0035C,Zoea 1,Oxigeno,5.14,71
Sala 08,L0805,0035C,Zoea 1,Oxigeno,5.23,82
Sala 08,L0806,0035C,Zoea 1,Oxigeno,5.02,84
Sala 08,L0807,0035C,Zoea 1,Oxigeno,5.54,87
Sala 08,L0808,0035C,Zoea 1,Oxigeno,5.55,76
Sala 08,L0809,0035C,Zoea 1,Oxigeno,5.37,77
Sala 08,L0810,0035C,Zoea 1,Oxigeno,5.62,73
Sala 08,L0811,0035C,Zoea 1,Oxigeno,5.40,74
Sala 08,L0812,0035C,Zoea 1,Oxigeno,5.47,68
Sala 08,L0813,0035C,Zoea 1,Oxigeno,5.39,81
Sala 08,L0814,0035C,Zoea 1,Oxigeno,5.21,70
Sala 02,L0208,0036C,Zoea 1,Oxigeno,4.68,79
Sala 02,L0209,0036C,Zoea 1,Oxigeno,4.80,79
Sala 02,L0210,0036C,Zoea 1,Oxigeno,4.58,68
Sala 03,L0301,0036C,Zoea 1,Oxigeno,5.36,87
Sala 03,L0302,0036C,Zoea 1,Oxigeno,5.53,87
Sala 03,L0303,0036C,Zoea 1,Oxigeno,5.48,87
Sala 03,L0304,0036C,Zoea 1,Oxigeno,5.42,86
Sala 03,L0305,0036C,Zoea 1,Oxigeno,5.44,84
Sala 03,L0306,0036C,Zoea 1,Oxigeno,5.46,84
Sala 03,L0307,0036C,Zoea 1,Oxigeno,5.59,85
Sala 03,L0308,0036C,Zoea 1,Oxigeno,5.57,84
Sala 03,L0309,0036C,Zoea 1,Oxigeno,5.53,85
Sala 03,L0310,0036C,Zoea 1,Oxigeno,5.53,82
Sala 07,L0701,0036C,Zoea 1,Oxigeno,5.64,77
Sala 07,L0702,0036C,Zoea 1,Oxigeno,5.66,81
Sala 07,L0703,0036C,Zoea 1,Oxigeno,5.62,79
Sala 07,L0704,0036C,Zoea 1,Oxigeno,5.58,83
Sala 07,L0705,0036C,Zoea 1,Oxigeno,5.58,79
Sala 07,L0706,0036C,Zoea 1,Oxigeno,5.61,67
Sala 07,L0707,0036C,Zoea 1,Oxigeno,5.59,73
Sala 07,L0708,0036C,Zoea 1,Oxigeno,5.58,70
Sala 07,L0709,0036C,Zoea 1,Oxigeno,5.60,68
Sala 07,L0710,0036C,Zoea 1,Oxigeno,5.61,75
Sala 07,L0711,0036C,Zoea 1,Oxigeno,5.66,75
Sala 07,L0712,0036C,Zoea 1,Oxigeno,5.66,77
Sala 07,L0713,0036C,Zoea 1,Oxigeno,5.69,77
Sala 07,L0714,0036C,Zoea 1,Oxigeno,5.67,72
Sala 10,L1001,0036C,Zoea 1,Oxigeno,5.46,76
Sala 10,L1002,0036C,Zoea 1,Oxigeno,5.35,78
Sala 10,L1003,0036C,Zoea 1,Oxigeno,5.38,70
Sala 10,L1004,0036C,Zoea 1,Oxigeno,5.48,75
Sala 10,L1005,0036C,Zoea 1,Oxigeno,5.44,75
Sala 10,L1006,0036C,Zoea 1,Oxigeno,5.54,66
Sala 10,L1007,0036C,Zoea 1,Oxigeno,5.45,66
Sala 10,L1008,0036C,Zoea 1,Oxigeno,5.49,66
Sala 10,L1009,0036C,Zoea 1,Oxigeno,5.46,64
Sala 10,L1010,0036C,Zoea 1,Oxigeno,5.15,68
Sala 10,L1011,0036C,Zoea 1,Oxigeno,5.04,66
Sala 10,L1012,0036C,Zoea 1,Oxigeno,5.17,66
Sala 10,L1013,0036C,Zoea 1,Oxigeno,5.10,69
Sala 10,L1014,0036C,Zoea 1,Oxigeno,5.11,77
Sala 11,L1101,0036C,Zoea 1,Oxigeno,5.05,69
Sala 11,L1102,0036C,Zoea 1,Oxigeno,4.98,72
Sala 11,L1103,0036C,Zoea 1,Oxigeno,4.94,66
Sala 11,L1104,0036C,Zoea 1,Oxigeno,5.08,63
Sala 11,L1105,0036C,Zoea 1,Oxigeno,5.03,61
Sala 11,L1106,0036C,Zoea 1,Oxigeno,4.93,70
Sala 11,L1107,0036C,Zoea 1,Oxigeno,4.91,70
Sala 11,L1108,0036C,Zoea 1,Oxigeno,5.16,70
Sala 11,L1109,0036C,Zoea 1,Oxigeno,5.20,66
Sala 11,L1110,0036C,Zoea 1,Oxigeno,5.17,68
Sala 11,L1111,0036C,Zoea 1,Oxigeno,5.10,66
Sala 11,L1112,0036C,Zoea 1,Oxigeno,5.06,69
Sala 11,L1113,0036C,Zoea 1,Oxigeno,4.97,80
Sala 11,L1114,0036C,Zoea 1,Oxigeno,4.96,80
Sala 02,L0208,0037C,Zoea 1,Oxigeno,5.04,86
Sala 02,L0209,0037C,Zoea 1,Oxigeno,4.95,77
Sala 02,L0210,0037C,Zoea 1,Oxigeno,5.00,86
Sala 04,L0401,0037C,Zoea 1,Oxigeno,5.21,96
Sala 04,L0402,0037C,Zoea 1,Oxigeno,5.23,94
Sala 04,L0403,0037C,Zoea 1,Oxigeno,5.28,92
Sala 04,L0404,0037C,Zoea 1,Oxigeno,5.21,81
Sala 04,L0405,0037C,Zoea 1,Oxigeno,5.20,92
Sala 04,L0406,0037C,Zoea 1,Oxigeno,5.23,92
Sala 04,L0407,0037C,Zoea 1,Oxigeno,5.22,92
Sala 04,L0408,0037C,Zoea 1,Oxigeno,5.26,92
Sala 04,L0409,0037C,Zoea 1,Oxigeno,5.23,92
Sala 05,L0501,0037C,Zoea 1,Oxigeno,5.42,90
Sala 05,L0502,0037C,Zoea 1,Oxigeno,5.42,90
Sala 05,L0503,0037C,Zoea 1,Oxigeno,5.41,90
Sala 05,L0504,0037C,Zoea 1,Oxigeno,5.41,90
Sala 05,L0505,0037C,Zoea 1,Oxigeno,5.39,89
Sala 05,L0506,0037C,Zoea 1,Oxigeno,5.41,90
Sala 05,L0507,0037C,Zoea 1,Oxigeno,5.39,90
Sala 05,L0508,0037C,Zoea 1,Oxigeno,5.42,90
Sala 05,L0509,0037C,Zoea 1,Oxigeno,5.44,88
Sala 05,L0510,0037C,Zoea 1,Oxigeno,5.43,88
Sala 06,L0608,0037C,Zoea 1,Oxigeno,5.13,83
Sala 06,L0609,0037C,Zoea 1,Oxigeno,5.10,81
Sala 06,L0610,0037C,Zoea 1,Oxigeno,5.15,81
Sala 06,L0611,0037C,Zoea 1,Oxigeno,5.08,83
Sala 06,L0612,0037C,Zoea 1,Oxigeno,5.23,77
Sala 06,L0613,0037C,Zoea 1,Oxigeno,5.20,85
Sala 06,L0614,0037C,Zoea 1,Oxigeno,5.20,85
Sala 09,L0901,0037C,Zoea 1,Oxigeno,5.46,68
Sala 09,L0902,0037C,Zoea 1,Oxigeno,5.48,68
Sala 09,L0903,0037C,Zoea 1,Oxigeno,5.41,72
Sala 09,L0904,0037C,Zoea 1,Oxigeno,5.45,66
Sala 09,L0905,0037C,Zoea 1,Oxigeno,5.52,66
Sala 09,L0906,0037C,Zoea 1,Oxigeno,5.45,73
Sala 09,L0907,0037C,Zoea 1,Oxigeno,5.46,74
Sala 09,L0908,0037C,Zoea 1,Oxigeno,5.43,74
Sala 09,L0909,0037C,Zoea 1,Oxigeno,5.52,74
Sala 09,L0910,0037C,Zoea 1,Oxigeno,5.53,71
Sala 09,L0911,0037C,Zoea 1,Oxigeno,5.63,70
Sala 09,L0912,0037C,Zoea 1,Oxigeno,5.64,71
Sala 09,L0913,0037C,Zoea 1,Oxigeno,5.46,71
Sala 09,L0914,0037C,Zoea 1,Oxigeno,5.48,77
Sala 10,L1001,0037C,Zoea 1,Oxigeno,5.65,76
Sala 10,L1002,0037C,Zoea 1,Oxigeno,5.61,71
Sala 10,L1003,0037C,Zoea 1,Oxigeno,5.60,72
Sala 10,L1004,0037C,Zoea 1,Oxigeno,5.58,70
Sala 10,L1005,0037C,Zoea 1,Oxigeno,5.62,71
Sala 10,L1006,0037C,Zoea 1,Oxigeno,5.63,76
Sala 10,L1007,0037C,Zoea 1,Oxigeno,5.57,82
Sala 10,L1008,0037C,Zoea 1,Oxigeno,5.60,75
Sala 10,L1009,0037C,Zoea 1,Oxigeno,5.65,75
Sala 10,L1010,0037C,Zoea 1,Oxigeno,5.26,78
Sala 10,L1011,0037C,Zoea 1,Oxigeno,5.23,78
Sala 10,L1012,0037C,Zoea 1,Oxigeno,5.35,80
Sala 10,L1013,0037C,Zoea 1,Oxigeno,5.30,63
Sala 10,L1014,0037C,Zoea 1,Oxigeno,5.27,67
Sala 11,L1101,0037C,Zoea 1,Oxigeno,4.83,64
Sala 11,L1102,0037C,Zoea 1,Oxigeno,4.99,65
Sala 06,L0613,0051C,Zoea 1,Oxigeno,5.31,72
Sala 06,L0614,0051C,Zoea 1,Oxigeno,5.30,72
Sala 06,L0613,0052C,Zoea 1,Oxigeno,5.40,73
Sala 06,L0614,0052C,Zoea 1,Oxigeno,5.40,70
Sala 09,L0913,0052C,Zoea 1,Oxigeno,4.59,38
Sala 09,L0914,0052C,Zoea 1,Oxigeno,4.66,59
Sala 04,L0401,0028C,Zoea 2,Oxigeno,4.85,87
Sala 04,L0402,0028C,Zoea 2,Oxigeno,4.87,88
Sala 04,L0403,0028C,Zoea 2,Oxigeno,4.88,87
Sala 04,L0404,0028C,Zoea 2,Oxigeno,4.89,90
Sala 04,L0405,0028C,Zoea 2,Oxigeno,4.90,89
Sala 04,L0406,0028C,Zoea 2,Oxigeno,4.91,89
Sala 04,L0407,0028C,Zoea 2,Oxigeno,4.92,87
Sala 04,L0408,0028C,Zoea 2,Oxigeno,4.88,88
Sala 04,L0409,0028C,Zoea 2,Oxigeno,4.87,87
Sala 04,L0410,0028C,Zoea 2,Oxigeno,4.88,85
Sala 04,L0401,0029C,Zoea 2,Oxigeno,5.61,78
Sala 04,L0402,0029C,Zoea 2,Oxigeno,5.55,75
Sala 04,L0403,0029C,Zoea 2,Oxigeno,5.58,78
Sala 04,L0404,0029C,Zoea 2,Oxigeno,5.58,76
Sala 04,L0405,0029C,Zoea 2,Oxigeno,5.58,79
Sala 04,L0406,0029C,Zoea 2,Oxigeno,5.53,79
Sala 04,L0407,0029C,Zoea 2,Oxigeno,5.54,77
Sala 04,L0408,0029C,Zoea 2,Oxigeno,5.54,81
Sala 04,L0409,0029C,Zoea 2,Oxigeno,5.53,75
Sala 04,L0410,0029C,Zoea 2,Oxigeno,5.63,75
Sala 05,L0501,0030C,Zoea 2,Oxigeno,5.33,76
Sala 05,L0502,0030C,Zoea 2,Oxigeno,5.30,84
Sala 05,L0503,0030C,Zoea 2,Oxigeno,5.30,72
Sala 05,L0504,0030C,Zoea 2,Oxigeno,5.31,81
Sala 05,L0505,0030C,Zoea 2,Oxigeno,5.29,68
Sala 05,L0506,0030C,Zoea 2,Oxigeno,5.25,73
Sala 05,L0507,0030C,Zoea 2,Oxigeno,5.25,78
Sala 05,L0508,0030C,Zoea 2,Oxigeno,5.26,72
Sala 05,L0509,0030C,Zoea 2,Oxigeno,5.28,72
Sala 05,L0510,0030C,Zoea 2,Oxigeno,5.29,73
Sala 04,L0401,0031C,Zoea 2,Oxigeno,5.35,93
Sala 04,L0402,0031C,Zoea 2,Oxigeno,5.38,90
Sala 04,L0403,0031C,Zoea 2,Oxigeno,5.32,93
Sala 04,L0404,0031C,Zoea 2,Oxigeno,5.38,91
Sala 04,L0405,0031C,Zoea 2,Oxigeno,5.36,92
Sala 04,L0406,0031C,Zoea 2,Oxigeno,5.38,91
Sala 04,L0407,0031C,Zoea 2,Oxigeno,5.38,97
Sala 04,L0408,0031C,Zoea 2,Oxigeno,5.33,93
Sala 04,L0409,0031C,Zoea 2,Oxigeno,5.38,95
Sala 04,L0410,0031C,Zoea 2,Oxigeno,5.42,95
Sala 05,L0501,0031C,Zoea 2,Oxigeno,5.35,83
Sala 05,L0502,0031C,Zoea 2,Oxigeno,5.40,82
Sala 05,L0503,0031C,Zoea 2,Oxigeno,5.35,82
Sala 05,L0504,0031C,Zoea 2,Oxigeno,5.34,70
Sala 05,L0505,0031C,Zoea 2,Oxigeno,5.36,74
Sala 05,L0506,0031C,Zoea 2,Oxigeno,5.35,76
Sala 05,L0507,0031C,Zoea 2,Oxigeno,5.28,73
Sala 05,L0508,0031C,Zoea 2,Oxigeno,5.27,74
Sala 05,L0509,0031C,Zoea 2,Oxigeno,5.24,74
Sala 05,L0510,0031C,Zoea 2,Oxigeno,5.39,73
Sala 04,L0401,0032C,Zoea 2,Oxigeno,5.28,81
Sala 04,L0402,0032C,Zoea 2,Oxigeno,5.32,81
Sala 04,L0403,0032C,Zoea 2,Oxigeno,5.35,83
Sala 04,L0404,0032C,Zoea 2,Oxigeno,5.35,86
Sala 04,L0405,0032C,Zoea 2,Oxigeno,5.40,85
Sala 04,L0406,0032C,Zoea 2,Oxigeno,5.45,88
Sala 04,L0407,0032C,Zoea 2,Oxigeno,5.41,88
Sala 04,L0408,0032C,Zoea 2,Oxigeno,5.42,84
Sala 04,L0409,0032C,Zoea 2,Oxigeno,5.40,86
Sala 04,L0410,0032C,Zoea 2,Oxigeno,5.35,89
Sala 05,L0501,0032C,Zoea 2,Oxigeno,5.07,78
Sala 05,L0502,0032C,Zoea 2,Oxigeno,5.12,79
Sala 05,L0503,0032C,Zoea 2,Oxigeno,5.09,78
Sala 05,L0504,0032C,Zoea 2,Oxigeno,5.07,78
Sala 05,L0505,0032C,Zoea 2,Oxigeno,5.02,74
Sala 05,L0506,0032C,Zoea 2,Oxigeno,5.06,75
Sala 05,L0507,0032C,Zoea 2,Oxigeno,5.13,75
Sala 05,L0508,0032C,Zoea 2,Oxigeno,5.01,73
Sala 05,L0509,0032C,Zoea 2,Oxigeno,5.04,74
Sala 07,L0701,0032C,Zoea 2,Oxigeno,4.34,82
Sala 07,L0702,0032C,Zoea 2,Oxigeno,4.37,82
Sala 07,L0703,0032C,Zoea 2,Oxigeno,4.39,82
Sala 07,L0704,0032C,Zoea 2,Oxigeno,4.37,82
Sala 07,L0705,0032C,Zoea 2,Oxigeno,4.35,81
Sala 07,L0706,0032C,Zoea 2,Oxigeno,4.31,79
Sala 07,L0707,0032C,Zoea 2,Oxigeno,4.35,76
Sala 07,L0708,0032C,Zoea 2,Oxigeno,4.35,79
Sala 07,L0709,0032C,Zoea 2,Oxigeno,4.24,78
Sala 07,L0710,0032C,Zoea 2,Oxigeno,4.33,79
Sala 07,L0711,0032C,Zoea 2,Oxigeno,4.39,77
Sala 07,L0712,0032C,Zoea 2,Oxigeno,4.53,77
Sala 07,L0713,0032C,Zoea 2,Oxigeno,4.29,77
Sala 07,L0714,0032C,Zoea 2,Oxigeno,4.37,73
Sala 04,L0401,0033C,Zoea 2,Oxigeno,5.37,89
Sala 04,L0402,0033C,Zoea 2,Oxigeno,5.36,89
Sala 04,L0403,0033C,Zoea 2,Oxigeno,5.35,90
Sala 04,L0404,0033C,Zoea 2,Oxigeno,5.32,89
Sala 04,L0405,0033C,Zoea 2,Oxigeno,5.28,84
Sala 04,L0406,0033C,Zoea 2,Oxigeno,5.30,86
Sala 04,L0407,0033C,Zoea 2,Oxigeno,5.28,86
Sala 04,L0408,0033C,Zoea 2,Oxigeno,5.31,87
Sala 04,L0409,0033C,Zoea 2,Oxigeno,5.32,86
Sala 04,L0410,0033C,Zoea 2,Oxigeno,5.28,86
Sala 05,L0501,0033C,Zoea 2,Oxigeno,5.16,84
Sala 05,L0502,0033C,Zoea 2,Oxigeno,5.10,86
Sala 05,L0503,0033C,Zoea 2,Oxigeno,5.09,86
Sala 05,L0504,0033C,Zoea 2,Oxigeno,5.17,92
Sala 05,L0505,0033C,Zoea 2,Oxigeno,5.06,89
Sala 05,L0506,0033C,Zoea 2,Oxigeno,5.07,92
Sala 05,L0507,0033C,Zoea 2,Oxigeno,5.20,89
Sala 05,L0508,0033C,Zoea 2,Oxigeno,5.13,85
Sala 05,L0509,0033C,Zoea 2,Oxigeno,5.20,91
Sala 05,L0510,0033C,Zoea 2,Oxigeno,5.11,86
Sala 07,L0701,0033C,Zoea 2,Oxigeno,4.84,67
Sala 07,L0702,0033C,Zoea 2,Oxigeno,4.84,69
Sala 07,L0703,0033C,Zoea 2,Oxigeno,4.77,66
Sala 07,L0704,0033C,Zoea 2,Oxigeno,4.72,69
Sala 07,L0705,0033C,Zoea 2,Oxigeno,4.73,59
Sala 07,L0706,0033C,Zoea 2,Oxigeno,4.77,56
Sala 07,L0707,0033C,Zoea 2,Oxigeno,4.72,67
Sala 07,L0708,0033C,Zoea 2,Oxigeno,4.75,61
Sala 07,L0709,0033C,Zoea 2,Oxigeno,4.81,64
Sala 07,L0710,0033C,Zoea 2,Oxigeno,4.76,64
Sala 07,L0711,0033C,Zoea 2,Oxigeno,4.83,64
Sala 07,L0712,0033C,Zoea 2,Oxigeno,4.81,62
Sala 10,L1008,0033C,Zoea 2,Oxigeno,4.67,66
Sala 10,L1009,0033C,Zoea 2,Oxigeno,4.59,68
Sala 10,L1010,0033C,Zoea 2,Oxigeno,4.60,66
Sala 10,L1011,0033C,Zoea 2,Oxigeno,4.69,66
Sala 10,L1012,0033C,Zoea 2,Oxigeno,4.66,68
Sala 10,L1013,0033C,Zoea 2,Oxigeno,4.70,60
Sala 10,L1014,0033C,Zoea 2,Oxigeno,4.59,56
Sala 05,L0501,0034C,Zoea 2,Oxigeno,5.33,91
Sala 05,L0502,0034C,Zoea 2,Oxigeno,5.33,96
Sala 05,L0503,0034C,Zoea 2,Oxigeno,5.35,92
Sala 05,L0504,0034C,Zoea 2,Oxigeno,5.33,92
Sala 05,L0505,0034C,Zoea 2,Oxigeno,5.33,89
Sala 05,L0506,0034C,Zoea 2,Oxigeno,5.34,87
Sala 05,L0507,0034C,Zoea 2,Oxigeno,5.36,87
Sala 05,L0508,0034C,Zoea 2,Oxigeno,5.38,91
Sala 05,L0509,0034C,Zoea 2,Oxigeno,5.37,92
Sala 05,L0510,0034C,Zoea 2,Oxigeno,5.37,88
Sala 07,L0701,0034C,Zoea 2,Oxigeno,5.65,76
Sala 07,L0702,0034C,Zoea 2,Oxigeno,5.62,71
Sala 07,L0703,0034C,Zoea 2,Oxigeno,5.64,80
Sala 07,L0704,0034C,Zoea 2,Oxigeno,5.63,71
Sala 07,L0705,0034C,Zoea 2,Oxigeno,5.60,72
Sala 07,L0706,0034C,Zoea 2,Oxigeno,5.63,72
Sala 07,L0707,0034C,Zoea 2,Oxigeno,5.61,77
Sala 07,L0708,0034C,Zoea 2,Oxigeno,5.59,70
Sala 07,L0709,0034C,Zoea 2,Oxigeno,5.57,68
Sala 07,L0710,0034C,Zoea 2,Oxigeno,5.53,71
Sala 07,L0711,0034C,Zoea 2,Oxigeno,5.56,73
Sala 07,L0712,0034C,Zoea 2,Oxigeno,5.57,73
Sala 07,L0713,0034C,Zoea 2,Oxigeno,5.58,64
Sala 07,L0714,0034C,Zoea 2,Oxigeno,5.59,73
Sala 10,L1008,0034C,Zoea 2,Oxigeno,5.39,66
Sala 10,L1009,0034C,Zoea 2,Oxigeno,5.22,68
Sala 10,L1010,0034C,Zoea 2,Oxigeno,5.20,68
Sala 10,L1011,0034C,Zoea 2,Oxigeno,5.12,66
Sala 10,L1012,0034C,Zoea 2,Oxigeno,5.15,68
Sala 10,L1013,0034C,Zoea 2,Oxigeno,5.11,64
Sala 10,L1014,0034C,Zoea 2,Oxigeno,5.15,60
Sala 05,L0501,0035C,Zoea 2,Oxigeno,5.37,92
Sala 05,L0502,0035C,Zoea 2,Oxigeno,5.37,90
Sala 05,L0503,0035C,Zoea 2,Oxigeno,5.36,86
Sala 05,L0504,0035C,Zoea 2,Oxigeno,5.38,89
Sala 05,L0505,0035C,Zoea 2,Oxigeno,5.38,63
Sala 05,L0506,0035C,Zoea 2,Oxigeno,5.37,70
Sala 05,L0507,0035C,Zoea 2,Oxigeno,5.36,70
Sala 05,L0508,0035C,Zoea 2,Oxigeno,5.39,73
Sala 05,L0509,0035C,Zoea 2,Oxigeno,5.34,76
Sala 05,L0510,0035C,Zoea 2,Oxigeno,5.33,71
Sala 07,L0701,0035C,Zoea 2,Oxigeno,5.25,82
Sala 07,L0702,0035C,Zoea 2,Oxigeno,5.34,82
Sala 07,L0703,0035C,Zoea 2,Oxigeno,5.31,83
Sala 07,L0704,0035C,Zoea 2,Oxigeno,5.47,80
Sala 07,L0705,0035C,Zoea 2,Oxigeno,5.40,78
Sala 07,L0706,0035C,Zoea 2,Oxigeno,5.33,81
Sala 07,L0707,0035C,Zoea 2,Oxigeno,5.28,81
Sala 07,L0708,0035C,Zoea 2,Oxigeno,5.39,81
Sala 07,L0709,0035C,Zoea 2,Oxigeno,5.46,81
Sala 07,L0710,0035C,Zoea 2,Oxigeno,5.38,61
Sala 07,L0711,0035C,Zoea 2,Oxigeno,5.38,64
Sala 07,L0712,0035C,Zoea 2,Oxigeno,5.33,70
Sala 07,L0713,0035C,Zoea 2,Oxigeno,5.38,82
Sala 07,L0714,0035C,Zoea 2,Oxigeno,5.40,82
Sala 08,L0801,0035C,Zoea 2,Oxigeno,5.06,78
Sala 08,L0802,0035C,Zoea 2,Oxigeno,5.02,73
Sala 08,L0803,0035C,Zoea 2,Oxigeno,4.58,81
Sala 08,L0804,0035C,Zoea 2,Oxigeno,4.95,67
Sala 08,L0805,0035C,Zoea 2,Oxigeno,4.94,75
Sala 08,L0806,0035C,Zoea 2,Oxigeno,4.79,75
Sala 08,L0807,0035C,Zoea 2,Oxigeno,4.96,85
Sala 08,L0808,0035C,Zoea 2,Oxigeno,5.10,73
Sala 08,L0809,0035C,Zoea 2,Oxigeno,4.93,74
Sala 08,L0810,0035C,Zoea 2,Oxigeno,4.70,71
Sala 08,L0811,0035C,Zoea 2,Oxigeno,4.65,72
Sala 08,L0812,0035C,Zoea 2,Oxigeno,4.91,66
Sala 08,L0813,0035C,Zoea 2,Oxigeno,5.09,73
Sala 08,L0814,0035C,Zoea 2,Oxigeno,4.92,68
Sala 10,L1001,0035C,Zoea 2,Oxigeno,5.10,70
Sala 10,L1002,0035C,Zoea 2,Oxigeno,5.04,70
Sala 10,L1003,0035C,Zoea 2,Oxigeno,5.14,69
Sala 10,L1004,0035C,Zoea 2,Oxigeno,5.06,67
Sala 11,L1101,0035C,Zoea 2,Oxigeno,4.66,67
Sala 11,L1102,0035C,Zoea 2,Oxigeno,4.68,69
Sala 11,L1103,0035C,Zoea 2,Oxigeno,4.77,70
Sala 11,L1104,0035C,Zoea 2,Oxigeno,4.93,61
Sala 11,L1105,0035C,Zoea 2,Oxigeno,4.93,66
Sala 11,L1106,0035C,Zoea 2,Oxigeno,4.96,59
Sala 11,L1107,0035C,Zoea 2,Oxigeno,4.98,60
Sala 11,L1108,0035C,Zoea 2,Oxigeno,5.05,61
Sala 11,L1109,0035C,Zoea 2,Oxigeno,4.93,64
Sala 11,L1110,0035C,Zoea 2,Oxigeno,5.03,65
Sala 11,L1111,0035C,Zoea 2,Oxigeno,4.96,59
Sala 11,L1112,0035C,Zoea 2,Oxigeno,5.06,64
Sala 11,L1113,0035C,Zoea 2,Oxigeno,5.00,63
Sala 11,L1114,0035C,Zoea 2,Oxigeno,5.00,75
Sala 03,L0301,0036C,Zoea 2,Oxigeno,4.86,80
Sala 03,L0302,0036C,Zoea 2,Oxigeno,4.90,77
Sala 03,L0303,0036C,Zoea 2,Oxigeno,4.92,77
Sala 03,L0304,0036C,Zoea 2,Oxigeno,4.87,77
Sala 03,L0305,0036C,Zoea 2,Oxigeno,4.91,78
Sala 03,L0306,0036C,Zoea 2,Oxigeno,4.87,78
Sala 03,L0307,0036C,Zoea 2,Oxigeno,4.86,79
Sala 03,L0308,0036C,Zoea 2,Oxigeno,4.85,78
Sala 03,L0309,0036C,Zoea 2,Oxigeno,4.88,79
Sala 03,L0310,0036C,Zoea 2,Oxigeno,4.89,77
Sala 04,L0401,0036C,Zoea 2,Oxigeno,4.60,93
Sala 04,L0402,0036C,Zoea 2,Oxigeno,4.56,93
Sala 04,L0405,0036C,Zoea 2,Oxigeno,4.56,93
Sala 04,L0406,0036C,Zoea 2,Oxigeno,4.57,92
Sala 04,L0407,0036C,Zoea 2,Oxigeno,4.61,93
Sala 04,L0408,0036C,Zoea 2,Oxigeno,4.65,93
Sala 04,L0409,0036C,Zoea 2,Oxigeno,4.62,77
Sala 04,L0410,0036C,Zoea 2,Oxigeno,4.58,80
Sala 07,L0701,0036C,Zoea 2,Oxigeno,5.45,73
Sala 07,L0702,0036C,Zoea 2,Oxigeno,5.46,73
Sala 07,L0703,0036C,Zoea 2,Oxigeno,5.45,73
Sala 07,L0704,0036C,Zoea 2,Oxigeno,5.42,75
Sala 07,L0705,0036C,Zoea 2,Oxigeno,5.37,70
Sala 07,L0706,0036C,Zoea 2,Oxigeno,5.37,63
Sala 07,L0707,0036C,Zoea 2,Oxigeno,5.44,68
Sala 07,L0708,0036C,Zoea 2,Oxigeno,5.43,62
Sala 07,L0709,0036C,Zoea 2,Oxigeno,5.53,63
Sala 07,L0710,0036C,Zoea 2,Oxigeno,5.50,69
Sala 07,L0711,0036C,Zoea 2,Oxigeno,5.47,69
Sala 07,L0712,0036C,Zoea 2,Oxigeno,5.47,72
Sala 07,L0713,0036C,Zoea 2,Oxigeno,5.51,65
Sala 07,L0714,0036C,Zoea 2,Oxigeno,5.47,70
Sala 08,L0801,0036C,Zoea 2,Oxigeno,5.18,72
Sala 08,L0802,0036C,Zoea 2,Oxigeno,5.13,72
Sala 08,L0803,0036C,Zoea 2,Oxigeno,5.10,65
Sala 08,L0804,0036C,Zoea 2,Oxigeno,5.22,75
Sala 08,L0805,0036C,Zoea 2,Oxigeno,5.10,70
Sala 08,L0806,0036C,Zoea 2,Oxigeno,5.21,82
Sala 08,L0807,0036C,Zoea 2,Oxigeno,5.37,73
Sala 08,L0808,0036C,Zoea 2,Oxigeno,5.31,61
Sala 08,L0809,0036C,Zoea 2,Oxigeno,5.12,67
Sala 08,L0810,0036C,Zoea 2,Oxigeno,5.08,61
Sala 08,L0811,0036C,Zoea 2,Oxigeno,5.11,62
Sala 08,L0812,0036C,Zoea 2,Oxigeno,5.05,62
Sala 08,L0813,0036C,Zoea 2,Oxigeno,5.09,62
Sala 08,L0814,0036C,Zoea 2,Oxigeno,5.04,64
Sala 10,L1001,0036C,Zoea 2,Oxigeno,5.11,69
Sala 10,L1002,0036C,Zoea 2,Oxigeno,5.02,69
Sala 10,L1003,0036C,Zoea 2,Oxigeno,5.15,68
Sala 10,L1004,0036C,Zoea 2,Oxigeno,5.03,66
Sala 10,L1005,0036C,Zoea 2,Oxigeno,5.16,70
Sala 10,L1006,0036C,Zoea 2,Oxigeno,5.06,61
Sala 10,L1007,0036C,Zoea 2,Oxigeno,5.13,61
Sala 10,L1008,0036C,Zoea 2,Oxigeno,5.05,60
Sala 10,L1009,0036C,Zoea 2,Oxigeno,5.09,60
Sala 10,L1010,0036C,Zoea 2,Oxigeno,4.48,60
Sala 10,L1011,0036C,Zoea 2,Oxigeno,4.40,62
Sala 10,L1012,0036C,Zoea 2,Oxigeno,4.45,62
Sala 10,L1013,0036C,Zoea 2,Oxigeno,4.49,64
Sala 10,L1014,0036C,Zoea 2,Oxigeno,4.47,71
Sala 11,L1101,0036C,Zoea 2,Oxigeno,4.92,67
Sala 11,L1102,0036C,Zoea 2,Oxigeno,4.63,69
Sala 11,L1103,0036C,Zoea 2,Oxigeno,4.46,63
Sala 11,L1104,0036C,Zoea 2,Oxigeno,4.54,61
Sala 11,L1105,0036C,Zoea 2,Oxigeno,4.57,60
Sala 11,L1106,0036C,Zoea 2,Oxigeno,4.48,65
Sala 11,L1107,0036C,Zoea 2,Oxigeno,4.54,65
Sala 11,L1108,0036C,Zoea 2,Oxigeno,4.43,63
Sala 11,L1109,0036C,Zoea 2,Oxigeno,4.44,63
Sala 11,L1110,0036C,Zoea 2,Oxigeno,4.47,64
Sala 11,L1111,0036C,Zoea 2,Oxigeno,4.38,64
Sala 11,L1112,0036C,Zoea 2,Oxigeno,4.48,61
Sala 11,L1113,0036C,Zoea 2,Oxigeno,4.39,75
Sala 11,L1114,0036C,Zoea 2,Oxigeno,4.45,80
Sala 04,L0401,0037C,Zoea 2,Oxigeno,5.43,88
Sala 04,L0402,0037C,Zoea 2,Oxigeno,5.43,87
Sala 04,L0403,0037C,Zoea 2,Oxigeno,5.44,85
Sala 04,L0404,0037C,Zoea 2,Oxigeno,5.43,75
Sala 04,L0405,0037C,Zoea 2,Oxigeno,5.45,83
Sala 04,L0406,0037C,Zoea 2,Oxigeno,5.43,85
Sala 04,L0407,0037C,Zoea 2,Oxigeno,5.44,85
Sala 04,L0408,0037C,Zoea 2,Oxigeno,5.43,87
Sala 04,L0409,0037C,Zoea 2,Oxigeno,5.45,87
Sala 05,L0501,0037C,Zoea 2,Oxigeno,5.18,85
Sala 05,L0502,0037C,Zoea 2,Oxigeno,5.19,85
Sala 05,L0503,0037C,Zoea 2,Oxigeno,5.21,87
Sala 05,L0504,0037C,Zoea 2,Oxigeno,5.23,85
Sala 05,L0505,0037C,Zoea 2,Oxigeno,5.21,86
Sala 05,L0506,0037C,Zoea 2,Oxigeno,5.23,87
Sala 05,L0507,0037C,Zoea 2,Oxigeno,5.21,87
Sala 05,L0508,0037C,Zoea 2,Oxigeno,5.22,85
Sala 05,L0509,0037C,Zoea 2,Oxigeno,5.19,83
Sala 05,L0510,0037C,Zoea 2,Oxigeno,5.23,85
Sala 06,L0601,0037C,Zoea 2,Oxigeno,4.48,71
Sala 06,L0602,0037C,Zoea 2,Oxigeno,4.48,68
Sala 06,L0603,0037C,Zoea 2,Oxigeno,4.46,69
Sala 06,L0604,0037C,Zoea 2,Oxigeno,4.53,70
Sala 06,L0605,0037C,Zoea 2,Oxigeno,4.50,67
Sala 06,L0606,0037C,Zoea 2,Oxigeno,4.54,75
Sala 06,L0607,0037C,Zoea 2,Oxigeno,4.48,74
Sala 06,L0608,0037C,Zoea 2,Oxigeno,4.52,75
Sala 06,L0609,0037C,Zoea 2,Oxigeno,4.52,74
Sala 06,L0610,0037C,Zoea 2,Oxigeno,4.54,74
Sala 06,L0611,0037C,Zoea 2,Oxigeno,4.53,75
Sala 06,L0612,0037C,Zoea 2,Oxigeno,4.49,69
Sala 06,L0613,0037C,Zoea 2,Oxigeno,4.49,78
Sala 06,L0614,0037C,Zoea 2,Oxigeno,4.51,78
Sala 07,L0701,0037C,Zoea 2,Oxigeno,5.23,78
Sala 07,L0702,0037C,Zoea 2,Oxigeno,5.42,78
Sala 07,L0703,0037C,Zoea 2,Oxigeno,5.36,79
Sala 07,L0704,0037C,Zoea 2,Oxigeno,5.37,78
Sala 07,L0705,0037C,Zoea 2,Oxigeno,5.41,78
Sala 07,L0706,0037C,Zoea 2,Oxigeno,5.40,75
Sala 07,L0707,0037C,Zoea 2,Oxigeno,5.40,75
Sala 07,L0708,0037C,Zoea 2,Oxigeno,5.38,77
Sala 07,L0709,0037C,Zoea 2,Oxigeno,5.42,79
Sala 07,L0710,0037C,Zoea 2,Oxigeno,5.40,75
Sala 07,L0711,0037C,Zoea 2,Oxigeno,5.40,75
Sala 07,L0712,0037C,Zoea 2,Oxigeno,5.37,77
Sala 07,L0713,0037C,Zoea 2,Oxigeno,5.38,75
Sala 07,L0714,0037C,Zoea 2,Oxigeno,5.39,73
Sala 09,L0901,0037C,Zoea 2,Oxigeno,5.26,67
Sala 09,L0902,0037C,Zoea 2,Oxigeno,5.27,67
Sala 09,L0903,0037C,Zoea 2,Oxigeno,5.25,66
Sala 09,L0904,0037C,Zoea 2,Oxigeno,5.26,65
Sala 09,L0905,0037C,Zoea 2,Oxigeno,5.23,66
Sala 09,L0906,0037C,Zoea 2,Oxigeno,5.22,70
Sala 09,L0907,0037C,Zoea 2,Oxigeno,5.23,71
Sala 09,L0908,0037C,Zoea 2,Oxigeno,5.27,71
Sala 09,L0909,0037C,Zoea 2,Oxigeno,5.22,70
Sala 09,L0910,0037C,Zoea 2,Oxigeno,5.27,68
Sala 09,L0911,0037C,Zoea 2,Oxigeno,5.26,68
Sala 09,L0912,0037C,Zoea 2,Oxigeno,5.27,68
Sala 09,L0913,0037C,Zoea 2,Oxigeno,5.24,69
Sala 09,L0914,0037C,Zoea 2,Oxigeno,5.26,71
Sala 10,L1001,0037C,Zoea 2,Oxigeno,5.24,71
Sala 10,L1002,0037C,Zoea 2,Oxigeno,5.24,68
Sala 10,L1003,0037C,Zoea 2,Oxigeno,5.27,69
Sala 10,L1004,0037C,Zoea 2,Oxigeno,5.19,62
Sala 10,L1005,0037C,Zoea 2,Oxigeno,5.24,63
Sala 10,L1006,0037C,Zoea 2,Oxigeno,5.27,69
Sala 10,L1007,0037C,Zoea 2,Oxigeno,5.24,72
Sala 10,L1008,0037C,Zoea 2,Oxigeno,5.23,69
Sala 10,L1009,0037C,Zoea 2,Oxigeno,5.31,69
Sala 10,L1010,0037C,Zoea 2,Oxigeno,4.67,69
Sala 10,L1011,0037C,Zoea 2,Oxigeno,4.76,69
Sala 10,L1012,0037C,Zoea 2,Oxigeno,4.71,72
Sala 10,L1013,0037C,Zoea 2,Oxigeno,4.73,62
Sala 10,L1014,0037C,Zoea 2,Oxigeno,4.72,64
Sala 11,L1101,0037C,Zoea 2,Oxigeno,4.60,63
Sala 11,L1102,0037C,Zoea 2,Oxigeno,4.64,63
Sala 11,L1103,0037C,Zoea 2,Oxigeno,4.70,62
Sala 11,L1104,0037C,Zoea 2,Oxigeno,4.87,62
Sala 11,L1105,0037C,Zoea 2,Oxigeno,4.84,60
Sala 11,L1106,0037C,Zoea 2,Oxigeno,4.78,62
Sala 11,L1107,0037C,Zoea 2,Oxigeno,4.83,60
Sala 11,L1108,0037C,Zoea 2,Oxigeno,4.84,58
Sala 11,L1109,0037C,Zoea 2,Oxigeno,4.88,56
Sala 11,L1110,0037C,Zoea 2,Oxigeno,4.96,56
Sala 11,L1111,0037C,Zoea 2,Oxigeno,4.86,61
Sala 11,L1112,0037C,Zoea 2,Oxigeno,4.84,61
Sala 06,L0613,0051C,Zoea 2,Oxigeno,5.56,60
Sala 06,L0614,0051C,Zoea 2,Oxigeno,5.56,59
Sala 06,L0613,0052C,Zoea 2,Oxigeno,5.23,68
Sala 06,L0614,0052C,Zoea 2,Oxigeno,5.23,68
Sala 09,L0913,0052C,Zoea 2,Oxigeno,4.27,38
Sala 09,L0914,0052C,Zoea 2,Oxigeno,4.21,51
Sala 04,L0401,0028C,Zoea 3,Oxigeno,4.71,75
Sala 04,L0402,0028C,Zoea 3,Oxigeno,4.66,76
Sala 04,L0403,0028C,Zoea 3,Oxigeno,4.65,75
Sala 04,L0404,0028C,Zoea 3,Oxigeno,4.73,78
Sala 04,L0405,0028C,Zoea 3,Oxigeno,4.70,76
Sala 04,L0406,0028C,Zoea 3,Oxigeno,4.66,76
Sala 04,L0407,0028C,Zoea 3,Oxigeno,4.67,73
Sala 04,L0408,0028C,Zoea 3,Oxigeno,4.71,75
Sala 04,L0409,0028C,Zoea 3,Oxigeno,4.79,75
Sala 04,L0410,0028C,Zoea 3,Oxigeno,4.73,75
Sala 04,L0401,0029C,Zoea 3,Oxigeno,5.57,73
Sala 04,L0402,0029C,Zoea 3,Oxigeno,5.59,70
Sala 04,L0403,0029C,Zoea 3,Oxigeno,5.58,73
Sala 04,L0404,0029C,Zoea 3,Oxigeno,5.54,71
Sala 04,L0405,0029C,Zoea 3,Oxigeno,5.53,74
Sala 04,L0406,0029C,Zoea 3,Oxigeno,5.54,74
Sala 04,L0407,0029C,Zoea 3,Oxigeno,5.58,73
Sala 04,L0408,0029C,Zoea 3,Oxigeno,5.59,75
Sala 04,L0409,0029C,Zoea 3,Oxigeno,5.55,70
Sala 04,L0410,0029C,Zoea 3,Oxigeno,5.58,70
Sala 04,L0401,0030C,Zoea 3,Oxigeno,5.52,71
Sala 04,L0402,0030C,Zoea 3,Oxigeno,5.55,66
Sala 04,L0403,0030C,Zoea 3,Oxigeno,5.54,61
Sala 04,L0404,0030C,Zoea 3,Oxigeno,5.52,71
Sala 04,L0405,0030C,Zoea 3,Oxigeno,5.42,76
Sala 04,L0406,0030C,Zoea 3,Oxigeno,5.53,76
Sala 04,L0407,0030C,Zoea 3,Oxigeno,5.55,76
Sala 04,L0408,0030C,Zoea 3,Oxigeno,5.61,73
Sala 04,L0409,0030C,Zoea 3,Oxigeno,5.46,75
Sala 04,L0410,0030C,Zoea 3,Oxigeno,5.48,73
Sala 05,L0501,0030C,Zoea 3,Oxigeno,5.28,69
Sala 05,L0502,0030C,Zoea 3,Oxigeno,5.32,76
Sala 05,L0503,0030C,Zoea 3,Oxigeno,5.27,61
Sala 05,L0504,0030C,Zoea 3,Oxigeno,5.33,73
Sala 05,L0505,0030C,Zoea 3,Oxigeno,5.32,61
Sala 05,L0506,0030C,Zoea 3,Oxigeno,5.29,67
Sala 05,L0507,0030C,Zoea 3,Oxigeno,5.29,72
Sala 05,L0508,0030C,Zoea 3,Oxigeno,5.36,66
Sala 05,L0509,0030C,Zoea 3,Oxigeno,5.26,66
Sala 05,L0510,0030C,Zoea 3,Oxigeno,5.31,69
Sala 04,L0401,0031C,Zoea 3,Oxigeno,5.38,84
Sala 04,L0402,0031C,Zoea 3,Oxigeno,5.40,81
Sala 04,L0403,0031C,Zoea 3,Oxigeno,5.34,84
Sala 04,L0404,0031C,Zoea 3,Oxigeno,5.48,80
Sala 04,L0405,0031C,Zoea 3,Oxigeno,5.36,82
Sala 04,L0406,0031C,Zoea 3,Oxigeno,5.42,82
Sala 04,L0407,0031C,Zoea 3,Oxigeno,5.48,85
Sala 04,L0408,0031C,Zoea 3,Oxigeno,5.33,80
Sala 04,L0409,0031C,Zoea 3,Oxigeno,5.41,83
Sala 04,L0410,0031C,Zoea 3,Oxigeno,5.49,83
Sala 05,L0501,0031C,Zoea 3,Oxigeno,5.12,77
Sala 05,L0502,0031C,Zoea 3,Oxigeno,5.14,77
Sala 05,L0503,0031C,Zoea 3,Oxigeno,5.20,78
Sala 05,L0504,0031C,Zoea 3,Oxigeno,5.12,66
Sala 05,L0505,0031C,Zoea 3,Oxigeno,5.20,66
Sala 05,L0506,0031C,Zoea 3,Oxigeno,5.11,67
Sala 05,L0507,0031C,Zoea 3,Oxigeno,5.16,66
Sala 05,L0508,0031C,Zoea 3,Oxigeno,5.22,67
Sala 05,L0509,0031C,Zoea 3,Oxigeno,5.17,64
Sala 05,L0510,0031C,Zoea 3,Oxigeno,5.20,66
Sala 05,L0501,0032C,Zoea 3,Oxigeno,5.17,69
Sala 05,L0502,0032C,Zoea 3,Oxigeno,5.17,68
Sala 05,L0503,0032C,Zoea 3,Oxigeno,5.23,69
Sala 05,L0504,0032C,Zoea 3,Oxigeno,5.21,67
Sala 05,L0505,0032C,Zoea 3,Oxigeno,5.23,66
Sala 05,L0506,0032C,Zoea 3,Oxigeno,5.18,65
Sala 05,L0507,0032C,Zoea 3,Oxigeno,5.12,65
Sala 05,L0508,0032C,Zoea 3,Oxigeno,5.14,64
Sala 05,L0509,0032C,Zoea 3,Oxigeno,5.10,66
Sala 07,L0701,0032C,Zoea 3,Oxigeno,4.44,73
Sala 07,L0702,0032C,Zoea 3,Oxigeno,4.47,73
Sala 07,L0703,0032C,Zoea 3,Oxigeno,4.40,73
Sala 07,L0704,0032C,Zoea 3,Oxigeno,4.39,73
Sala 07,L0705,0032C,Zoea 3,Oxigeno,4.40,72
Sala 07,L0706,0032C,Zoea 3,Oxigeno,4.37,71
Sala 07,L0707,0032C,Zoea 3,Oxigeno,4.46,68
Sala 07,L0708,0032C,Zoea 3,Oxigeno,4.48,71
Sala 07,L0709,0032C,Zoea 3,Oxigeno,4.48,71
Sala 07,L0710,0032C,Zoea 3,Oxigeno,4.50,72
Sala 07,L0711,0032C,Zoea 3,Oxigeno,4.39,69
Sala 07,L0712,0032C,Zoea 3,Oxigeno,4.42,69
Sala 07,L0713,0032C,Zoea 3,Oxigeno,4.55,72
Sala 07,L0714,0032C,Zoea 3,Oxigeno,4.47,69
Sala 05,L0501,0033C,Zoea 3,Oxigeno,5.31,80
Sala 05,L0502,0033C,Zoea 3,Oxigeno,5.32,82
Sala 05,L0503,0033C,Zoea 3,Oxigeno,5.23,82
Sala 05,L0504,0033C,Zoea 3,Oxigeno,5.22,85
Sala 05,L0505,0033C,Zoea 3,Oxigeno,5.24,83
Sala 05,L0506,0033C,Zoea 3,Oxigeno,5.28,85
Sala 05,L0507,0033C,Zoea 3,Oxigeno,5.23,83
Sala 05,L0508,0033C,Zoea 3,Oxigeno,5.33,80
Sala 05,L0509,0033C,Zoea 3,Oxigeno,5.23,86
Sala 05,L0510,0033C,Zoea 3,Oxigeno,5.30,82
Sala 07,L0701,0033C,Zoea 3,Oxigeno,5.25,60
Sala 07,L0702,0033C,Zoea 3,Oxigeno,5.20,62
Sala 07,L0703,0033C,Zoea 3,Oxigeno,5.25,60
Sala 07,L0704,0033C,Zoea 3,Oxigeno,5.18,62
Sala 07,L0705,0033C,Zoea 3,Oxigeno,5.17,58
Sala 07,L0706,0033C,Zoea 3,Oxigeno,5.28,54
Sala 07,L0707,0033C,Zoea 3,Oxigeno,5.29,59
Sala 07,L0708,0033C,Zoea 3,Oxigeno,5.25,58
Sala 07,L0709,0033C,Zoea 3,Oxigeno,5.28,59
Sala 07,L0710,0033C,Zoea 3,Oxigeno,5.13,59
Sala 07,L0711,0033C,Zoea 3,Oxigeno,5.21,59
Sala 07,L0712,0033C,Zoea 3,Oxigeno,5.16,59
Sala 10,L1001,0033C,Zoea 3,Oxigeno,4.66,70
Sala 10,L1002,0033C,Zoea 3,Oxigeno,4.52,68
Sala 10,L1003,0033C,Zoea 3,Oxigeno,4.50,70
Sala 10,L1004,0033C,Zoea 3,Oxigeno,4.54,70
Sala 10,L1005,0033C,Zoea 3,Oxigeno,4.53,70
Sala 10,L1006,0033C,Zoea 3,Oxigeno,4.51,64
Sala 10,L1007,0033C,Zoea 3,Oxigeno,4.51,64
Sala 10,L1008,0033C,Zoea 3,Oxigeno,4.55,64
Sala 10,L1009,0033C,Zoea 3,Oxigeno,4.55,64
Sala 10,L1010,0033C,Zoea 3,Oxigeno,4.59,64
Sala 10,L1011,0033C,Zoea 3,Oxigeno,4.58,64
Sala 10,L1012,0033C,Zoea 3,Oxigeno,4.59,63
Sala 10,L1013,0033C,Zoea 3,Oxigeno,4.58,56
Sala 10,L1014,0033C,Zoea 3,Oxigeno,4.61,56
Sala 05,L0501,0034C,Zoea 3,Oxigeno,5.06,84
Sala 05,L0502,0034C,Zoea 3,Oxigeno,5.07,89
Sala 05,L0503,0034C,Zoea 3,Oxigeno,5.08,86
Sala 05,L0504,0034C,Zoea 3,Oxigeno,5.08,86
Sala 05,L0505,0034C,Zoea 3,Oxigeno,5.03,82
Sala 05,L0506,0034C,Zoea 3,Oxigeno,5.03,80
Sala 05,L0507,0034C,Zoea 3,Oxigeno,5.06,80
Sala 05,L0508,0034C,Zoea 3,Oxigeno,5.08,84
Sala 05,L0509,0034C,Zoea 3,Oxigeno,5.08,83
Sala 05,L0510,0034C,Zoea 3,Oxigeno,5.08,81
Sala 07,L0701,0034C,Zoea 3,Oxigeno,5.42,70
Sala 07,L0702,0034C,Zoea 3,Oxigeno,5.38,66
Sala 07,L0703,0034C,Zoea 3,Oxigeno,5.43,72
Sala 07,L0704,0034C,Zoea 3,Oxigeno,5.34,66
Sala 07,L0705,0034C,Zoea 3,Oxigeno,5.38,66
Sala 07,L0706,0034C,Zoea 3,Oxigeno,5.33,66
Sala 07,L0707,0034C,Zoea 3,Oxigeno,5.43,69
Sala 07,L0708,0034C,Zoea 3,Oxigeno,5.38,64
Sala 07,L0709,0034C,Zoea 3,Oxigeno,5.27,63
Sala 07,L0710,0034C,Zoea 3,Oxigeno,5.28,64
Sala 07,L0711,0034C,Zoea 3,Oxigeno,5.36,66
Sala 07,L0712,0034C,Zoea 3,Oxigeno,5.34,66
Sala 07,L0713,0034C,Zoea 3,Oxigeno,5.31,62
Sala 07,L0714,0034C,Zoea 3,Oxigeno,5.36,69
Sala 10,L1001,0034C,Zoea 3,Oxigeno,4.66,61
Sala 10,L1002,0034C,Zoea 3,Oxigeno,4.67,61
Sala 10,L1003,0034C,Zoea 3,Oxigeno,4.70,64
Sala 10,L1004,0034C,Zoea 3,Oxigeno,4.68,61
Sala 10,L1005,0034C,Zoea 3,Oxigeno,4.69,65
Sala 10,L1006,0034C,Zoea 3,Oxigeno,4.68,64
Sala 10,L1007,0034C,Zoea 3,Oxigeno,4.70,63
Sala 10,L1008,0034C,Zoea 3,Oxigeno,4.56,63
Sala 10,L1009,0034C,Zoea 3,Oxigeno,4.58,63
Sala 10,L1010,0034C,Zoea 3,Oxigeno,4.62,64
Sala 10,L1011,0034C,Zoea 3,Oxigeno,4.61,63
Sala 10,L1012,0034C,Zoea 3,Oxigeno,4.62,63
Sala 10,L1013,0034C,Zoea 3,Oxigeno,4.58,60
Sala 10,L1014,0034C,Zoea 3,Oxigeno,4.63,59
Sala 04,L0401,0035C,Zoea 3,Oxigeno,5.42,87
Sala 04,L0402,0035C,Zoea 3,Oxigeno,5.42,89
Sala 04,L0403,0035C,Zoea 3,Oxigeno,5.40,89
Sala 04,L0404,0035C,Zoea 3,Oxigeno,5.42,85
Sala 04,L0405,0035C,Zoea 3,Oxigeno,5.43,88
Sala 04,L0406,0035C,Zoea 3,Oxigeno,5.44,88
Sala 04,L0407,0035C,Zoea 3,Oxigeno,5.47,88
Sala 04,L0408,0035C,Zoea 3,Oxigeno,5.47,81
Sala 04,L0409,0035C,Zoea 3,Oxigeno,5.43,73
Sala 04,L0410,0035C,Zoea 3,Oxigeno,5.41,84
Sala 05,L0501,0035C,Zoea 3,Oxigeno,5.32,83
Sala 05,L0502,0035C,Zoea 3,Oxigeno,5.34,81
Sala 05,L0503,0035C,Zoea 3,Oxigeno,5.37,81
Sala 05,L0504,0035C,Zoea 3,Oxigeno,5.36,83
Sala 05,L0505,0035C,Zoea 3,Oxigeno,5.34,67
Sala 05,L0506,0035C,Zoea 3,Oxigeno,5.34,76
Sala 05,L0507,0035C,Zoea 3,Oxigeno,5.33,77
Sala 05,L0508,0035C,Zoea 3,Oxigeno,5.34,77
Sala 05,L0509,0035C,Zoea 3,Oxigeno,5.33,73
Sala 05,L0510,0035C,Zoea 3,Oxigeno,5.38,73
Sala 07,L0701,0035C,Zoea 3,Oxigeno,5.31,73
Sala 07,L0702,0035C,Zoea 3,Oxigeno,5.33,76
Sala 07,L0703,0035C,Zoea 3,Oxigeno,5.32,76
Sala 07,L0704,0035C,Zoea 3,Oxigeno,5.39,75
Sala 07,L0705,0035C,Zoea 3,Oxigeno,5.33,72
Sala 07,L0706,0035C,Zoea 3,Oxigeno,5.29,71
Sala 07,L0707,0035C,Zoea 3,Oxigeno,5.27,76
Sala 07,L0708,0035C,Zoea 3,Oxigeno,5.34,74
Sala 07,L0709,0035C,Zoea 3,Oxigeno,5.29,74
Sala 07,L0710,0035C,Zoea 3,Oxigeno,5.31,57
Sala 07,L0711,0035C,Zoea 3,Oxigeno,5.28,58
Sala 07,L0712,0035C,Zoea 3,Oxigeno,5.38,65
Sala 07,L0713,0035C,Zoea 3,Oxigeno,5.34,77
Sala 07,L0714,0035C,Zoea 3,Oxigeno,5.33,77
Sala 08,L0801,0035C,Zoea 3,Oxigeno,4.92,72
Sala 08,L0802,0035C,Zoea 3,Oxigeno,4.78,70
Sala 08,L0803,0035C,Zoea 3,Oxigeno,4.90,77
Sala 08,L0804,0035C,Zoea 3,Oxigeno,4.77,62
Sala 08,L0805,0035C,Zoea 3,Oxigeno,4.79,70
Sala 08,L0806,0035C,Zoea 3,Oxigeno,4.73,71
Sala 08,L0807,0035C,Zoea 3,Oxigeno,4.93,79
Sala 08,L0808,0035C,Zoea 3,Oxigeno,4.78,68
Sala 08,L0809,0035C,Zoea 3,Oxigeno,4.61,69
Sala 08,L0810,0035C,Zoea 3,Oxigeno,4.60,66
Sala 08,L0811,0035C,Zoea 3,Oxigeno,4.66,67
Sala 08,L0812,0035C,Zoea 3,Oxigeno,4.68,61
Sala 08,L0813,0035C,Zoea 3,Oxigeno,4.84,65
Sala 08,L0814,0035C,Zoea 3,Oxigeno,4.87,59
Sala 10,L1001,0035C,Zoea 3,Oxigeno,4.55,65
Sala 10,L1002,0035C,Zoea 3,Oxigeno,4.57,65
Sala 10,L1003,0035C,Zoea 3,Oxigeno,4.56,63
Sala 10,L1004,0035C,Zoea 3,Oxigeno,4.56,63
Sala 10,L1007,0035C,Zoea 3,Oxigeno,4.68,68
Sala 10,L1008,0035C,Zoea 3,Oxigeno,4.67,68
Sala 10,L1009,0035C,Zoea 3,Oxigeno,4.74,68
Sala 10,L1010,0035C,Zoea 3,Oxigeno,4.69,68
Sala 10,L1011,0035C,Zoea 3,Oxigeno,4.80,69
Sala 10,L1012,0035C,Zoea 3,Oxigeno,4.68,65
Sala 10,L1013,0035C,Zoea 3,Oxigeno,4.71,68
Sala 10,L1014,0035C,Zoea 3,Oxigeno,4.69,67
Sala 11,L1101,0035C,Zoea 3,Oxigeno,4.33,63
Sala 11,L1102,0035C,Zoea 3,Oxigeno,4.38,64
Sala 11,L1103,0035C,Zoea 3,Oxigeno,4.38,61
Sala 11,L1104,0035C,Zoea 3,Oxigeno,4.48,59
Sala 11,L1105,0035C,Zoea 3,Oxigeno,4.55,60
Sala 11,L1106,0035C,Zoea 3,Oxigeno,4.46,59
Sala 11,L1107,0035C,Zoea 3,Oxigeno,4.48,59
Sala 11,L1108,0035C,Zoea 3,Oxigeno,4.53,59
Sala 11,L1109,0035C,Zoea 3,Oxigeno,4.51,60
Sala 11,L1110,0035C,Zoea 3,Oxigeno,4.60,60
Sala 11,L1111,0035C,Zoea 3,Oxigeno,4.65,59
Sala 11,L1112,0035C,Zoea 3,Oxigeno,4.61,59
Sala 11,L1113,0035C,Zoea 3,Oxigeno,4.61,61
Sala 11,L1114,0035C,Zoea 3,Oxigeno,4.63,69
Sala 03,L0310,0036C,Zoea 3,Oxigeno,5.05,71
Sala 04,L0401,0036C,Zoea 3,Oxigeno,5.15,83
Sala 04,L0402,0036C,Zoea 3,Oxigeno,5.14,82
Sala 04,L0405,0036C,Zoea 3,Oxigeno,5.23,82
Sala 04,L0406,0036C,Zoea 3,Oxigeno,5.19,82
Sala 04,L0407,0036C,Zoea 3,Oxigeno,5.20,82
Sala 04,L0408,0036C,Zoea 3,Oxigeno,5.18,82
Sala 04,L0409,0036C,Zoea 3,Oxigeno,5.23,63
Sala 04,L0410,0036C,Zoea 3,Oxigeno,5.18,67
Sala 06,L0601,0036C,Zoea 3,Oxigeno,4.86,63
Sala 06,L0602,0036C,Zoea 3,Oxigeno,4.90,65
Sala 06,L0603,0036C,Zoea 3,Oxigeno,4.86,63
Sala 06,L0604,0036C,Zoea 3,Oxigeno,4.91,61
Sala 06,L0605,0036C,Zoea 3,Oxigeno,4.91,65
Sala 06,L0606,0036C,Zoea 3,Oxigeno,4.95,63
Sala 06,L0607,0036C,Zoea 3,Oxigeno,4.95,65
Sala 07,L0701,0036C,Zoea 3,Oxigeno,5.38,65
Sala 07,L0702,0036C,Zoea 3,Oxigeno,5.40,65
Sala 07,L0703,0036C,Zoea 3,Oxigeno,5.45,65
Sala 07,L0704,0036C,Zoea 3,Oxigeno,5.47,67
Sala 07,L0705,0036C,Zoea 3,Oxigeno,5.41,63
Sala 07,L0706,0036C,Zoea 3,Oxigeno,5.41,55
Sala 07,L0707,0036C,Zoea 3,Oxigeno,5.41,58
Sala 07,L0708,0036C,Zoea 3,Oxigeno,5.46,56
Sala 07,L0709,0036C,Zoea 3,Oxigeno,5.49,56
Sala 07,L0710,0036C,Zoea 3,Oxigeno,5.48,62
Sala 07,L0711,0036C,Zoea 3,Oxigeno,5.43,62
Sala 07,L0712,0036C,Zoea 3,Oxigeno,5.43,62
Sala 07,L0713,0036C,Zoea 3,Oxigeno,5.44,61
Sala 07,L0714,0036C,Zoea 3,Oxigeno,5.48,66
Sala 08,L0801,0036C,Zoea 3,Oxigeno,4.81,68
Sala 08,L0802,0036C,Zoea 3,Oxigeno,4.87,68
Sala 08,L0803,0036C,Zoea 3,Oxigeno,4.68,61
Sala 08,L0804,0036C,Zoea 3,Oxigeno,4.83,71
Sala 08,L0805,0036C,Zoea 3,Oxigeno,4.72,66
Sala 08,L0806,0036C,Zoea 3,Oxigeno,4.88,78
Sala 08,L0807,0036C,Zoea 3,Oxigeno,5.14,69
Sala 08,L0808,0036C,Zoea 3,Oxigeno,4.72,57
Sala 08,L0809,0036C,Zoea 3,Oxigeno,4.60,63
Sala 08,L0810,0036C,Zoea 3,Oxigeno,4.57,57
Sala 08,L0811,0036C,Zoea 3,Oxigeno,4.72,58
Sala 08,L0812,0036C,Zoea 3,Oxigeno,4.52,58
Sala 08,L0813,0036C,Zoea 3,Oxigeno,4.56,59
Sala 08,L0814,0036C,Zoea 3,Oxigeno,4.66,60
Sala 10,L1001,0036C,Zoea 3,Oxigeno,4.47,64
Sala 10,L1002,0036C,Zoea 3,Oxigeno,4.40,64
Sala 10,L1003,0036C,Zoea 3,Oxigeno,4.40,63
Sala 10,L1004,0036C,Zoea 3,Oxigeno,4.38,63
Sala 10,L1005,0036C,Zoea 3,Oxigeno,4.42,63
Sala 10,L1006,0036C,Zoea 3,Oxigeno,4.37,58
Sala 10,L1007,0036C,Zoea 3,Oxigeno,4.42,58
Sala 10,L1008,0036C,Zoea 3,Oxigeno,4.41,58
Sala 10,L1009,0036C,Zoea 3,Oxigeno,4.42,57
Sala 10,L1010,0036C,Zoea 3,Oxigeno,4.42,57
Sala 10,L1011,0036C,Zoea 3,Oxigeno,4.42,59
Sala 10,L1012,0036C,Zoea 3,Oxigeno,4.42,59
Sala 10,L1013,0036C,Zoea 3,Oxigeno,4.42,63
Sala 10,L1014,0036C,Zoea 3,Oxigeno,4.42,64
Sala 11,L1101,0036C,Zoea 3,Oxigeno,5.78,63
Sala 11,L1102,0036C,Zoea 3,Oxigeno,4.90,63
Sala 11,L1103,0036C,Zoea 3,Oxigeno,5.31,58
Sala 11,L1104,0036C,Zoea 3,Oxigeno,5.34,58
Sala 11,L1105,0036C,Zoea 3,Oxigeno,5.13,58
Sala 11,L1106,0036C,Zoea 3,Oxigeno,5.13,61
Sala 11,L1107,0036C,Zoea 3,Oxigeno,5.44,61
Sala 11,L1108,0036C,Zoea 3,Oxigeno,5.17,61
Sala 11,L1109,0036C,Zoea 3,Oxigeno,5.03,60
Sala 11,L1110,0036C,Zoea 3,Oxigeno,5.09,59
Sala 11,L1111,0036C,Zoea 3,Oxigeno,5.07,60
Sala 11,L1112,0036C,Zoea 3,Oxigeno,5.01,58
Sala 11,L1113,0036C,Zoea 3,Oxigeno,5.43,70
Sala 11,L1114,0036C,Zoea 3,Oxigeno,5.53,71
Sala 04,L0401,0037C,Zoea 3,Oxigeno,5.33,79
Sala 04,L0402,0037C,Zoea 3,Oxigeno,5.35,81
Sala 04,L0403,0037C,Zoea 3,Oxigeno,5.31,75
Sala 04,L0404,0037C,Zoea 3,Oxigeno,5.33,69
Sala 04,L0405,0037C,Zoea 3,Oxigeno,5.33,73
Sala 04,L0406,0037C,Zoea 3,Oxigeno,5.32,75
Sala 04,L0407,0037C,Zoea 3,Oxigeno,5.38,75
Sala 04,L0408,0037C,Zoea 3,Oxigeno,5.34,77
Sala 04,L0409,0037C,Zoea 3,Oxigeno,5.34,75
Sala 05,L0501,0037C,Zoea 3,Oxigeno,5.18,80
Sala 05,L0502,0037C,Zoea 3,Oxigeno,5.18,80
Sala 05,L0503,0037C,Zoea 3,Oxigeno,5.17,80
Sala 05,L0504,0037C,Zoea 3,Oxigeno,5.15,82
Sala 05,L0505,0037C,Zoea 3,Oxigeno,5.13,81
Sala 05,L0506,0037C,Zoea 3,Oxigeno,5.21,80
Sala 05,L0507,0037C,Zoea 3,Oxigeno,5.20,80
Sala 05,L0508,0037C,Zoea 3,Oxigeno,5.21,80
Sala 05,L0509,0037C,Zoea 3,Oxigeno,5.23,75
Sala 05,L0510,0037C,Zoea 3,Oxigeno,5.23,78
Sala 07,L0701,0037C,Zoea 3,Oxigeno,5.54,66
Sala 07,L0702,0037C,Zoea 3,Oxigeno,5.55,69
Sala 07,L0703,0037C,Zoea 3,Oxigeno,5.52,70
Sala 07,L0704,0037C,Zoea 3,Oxigeno,5.54,70
Sala 07,L0705,0037C,Zoea 3,Oxigeno,5.48,68
Sala 07,L0706,0037C,Zoea 3,Oxigeno,5.46,69
Sala 07,L0707,0037C,Zoea 3,Oxigeno,5.47,69
Sala 07,L0708,0037C,Zoea 3,Oxigeno,5.53,69
Sala 07,L0709,0037C,Zoea 3,Oxigeno,5.54,71
Sala 07,L0710,0037C,Zoea 3,Oxigeno,5.53,68
Sala 07,L0711,0037C,Zoea 3,Oxigeno,5.51,68
Sala 07,L0712,0037C,Zoea 3,Oxigeno,5.53,69
Sala 07,L0713,0037C,Zoea 3,Oxigeno,5.52,70
Sala 07,L0714,0037C,Zoea 3,Oxigeno,5.54,70
Sala 08,L0801,0037C,Zoea 3,Oxigeno,5.08,68
Sala 08,L0802,0037C,Zoea 3,Oxigeno,4.94,71
Sala 08,L0803,0037C,Zoea 3,Oxigeno,4.78,60
Sala 08,L0804,0037C,Zoea 3,Oxigeno,4.86,68
Sala 08,L0805,0037C,Zoea 3,Oxigeno,4.83,63
Sala 08,L0806,0037C,Zoea 3,Oxigeno,4.80,62
Sala 08,L0807,0037C,Zoea 3,Oxigeno,4.82,64
Sala 08,L0808,0037C,Zoea 3,Oxigeno,4.98,67
Sala 08,L0809,0037C,Zoea 3,Oxigeno,4.77,66
Sala 08,L0810,0037C,Zoea 3,Oxigeno,4.79,64
Sala 08,L0811,0037C,Zoea 3,Oxigeno,4.87,72
Sala 08,L0812,0037C,Zoea 3,Oxigeno,4.92,69
Sala 08,L0813,0037C,Zoea 3,Oxigeno,4.93,60
Sala 08,L0814,0037C,Zoea 3,Oxigeno,5.00,60
Sala 10,L1001,0037C,Zoea 3,Oxigeno,4.70,64
Sala 10,L1002,0037C,Zoea 3,Oxigeno,4.58,60
Sala 10,L1003,0037C,Zoea 3,Oxigeno,4.70,63
Sala 10,L1004,0037C,Zoea 3,Oxigeno,4.63,57
Sala 10,L1005,0037C,Zoea 3,Oxigeno,4.66,60
Sala 10,L1006,0037C,Zoea 3,Oxigeno,4.63,63
Sala 10,L1007,0037C,Zoea 3,Oxigeno,4.64,66
Sala 10,L1008,0037C,Zoea 3,Oxigeno,4.64,63
Sala 10,L1009,0037C,Zoea 3,Oxigeno,4.63,63
Sala 10,L1010,0037C,Zoea 3,Oxigeno,4.63,63
Sala 10,L1011,0037C,Zoea 3,Oxigeno,4.64,63
Sala 10,L1012,0037C,Zoea 3,Oxigeno,4.63,66
Sala 10,L1013,0037C,Zoea 3,Oxigeno,4.68,59
Sala 10,L1014,0037C,Zoea 3,Oxigeno,4.67,60
Sala 11,L1101,0037C,Zoea 3,Oxigeno,4.60,60
Sala 11,L1102,0037C,Zoea 3,Oxigeno,4.69,60
Sala 11,L1103,0037C,Zoea 3,Oxigeno,4.65,60
Sala 11,L1104,0037C,Zoea 3,Oxigeno,4.78,60
Sala 11,L1105,0037C,Zoea 3,Oxigeno,4.98,59
Sala 11,L1106,0037C,Zoea 3,Oxigeno,4.90,59
Sala 11,L1107,0037C,Zoea 3,Oxigeno,4.94,59
Sala 11,L1108,0037C,Zoea 3,Oxigeno,4.94,58
Sala 11,L1109,0037C,Zoea 3,Oxigeno,4.88,56
Sala 11,L1110,0037C,Zoea 3,Oxigeno,4.88,55
Sala 11,L1111,0037C,Zoea 3,Oxigeno,4.78,60
Sala 11,L1112,0037C,Zoea 3,Oxigeno,4.78,60
Sala 06,L0613,0051C,Zoea 3,Oxigeno,5.19,51
Sala 06,L0614,0051C,Zoea 3,Oxigeno,5.14,51
Sala 06,L0613,0052C,Zoea 3,Oxigeno,5.21,61
Sala 06,L0614,0052C,Zoea 3,Oxigeno,5.19,61
Sala 09,L0913,0052C,Zoea 3,Oxigeno,4.50,45
Sala 09,L0914,0052C,Zoea 3,Oxigeno,4.48,48
Sala 04,L0404,0028C,Mysis 1,Oxigeno,4.73,69
Sala 04,L0405,0028C,Mysis 1,Oxigeno,4.71,70
Sala 04,L0406,0028C,Mysis 1,Oxigeno,4.72,68
Sala 04,L0407,0028C,Mysis 1,Oxigeno,4.72,67
Sala 04,L0408,0028C,Mysis 1,Oxigeno,4.75,67
Sala 04,L0409,0028C,Mysis 1,Oxigeno,4.73,67
Sala 04,L0410,0028C,Mysis 1,Oxigeno,4.73,66
Sala 04,L0404,0029C,Mysis 1,Oxigeno,5.41,67
Sala 04,L0405,0029C,Mysis 1,Oxigeno,5.38,71
Sala 04,L0406,0029C,Mysis 1,Oxigeno,5.47,70
Sala 04,L0407,0029C,Mysis 1,Oxigeno,5.53,74
Sala 04,L0408,0029C,Mysis 1,Oxigeno,5.42,69
Sala 04,L0409,0029C,Mysis 1,Oxigeno,5.43,67
Sala 04,L0410,0029C,Mysis 1,Oxigeno,5.37,67
Sala 04,L0404,0030C,Mysis 1,Oxigeno,5.17,64
Sala 04,L0405,0030C,Mysis 1,Oxigeno,5.22,64
Sala 04,L0406,0030C,Mysis 1,Oxigeno,5.16,64
Sala 04,L0407,0030C,Mysis 1,Oxigeno,5.19,64
Sala 04,L0408,0030C,Mysis 1,Oxigeno,5.19,63
Sala 04,L0409,0030C,Mysis 1,Oxigeno,5.19,64
Sala 04,L0410,0030C,Mysis 1,Oxigeno,5.18,63
Sala 05,L0501,0030C,Mysis 1,Oxigeno,5.03,55
Sala 05,L0502,0030C,Mysis 1,Oxigeno,4.93,61
Sala 05,L0503,0030C,Mysis 1,Oxigeno,4.86,49
Sala 05,L0504,0030C,Mysis 1,Oxigeno,4.93,60
Sala 05,L0505,0030C,Mysis 1,Oxigeno,5.03,53
Sala 05,L0506,0030C,Mysis 1,Oxigeno,4.95,55
Sala 05,L0507,0030C,Mysis 1,Oxigeno,4.91,60
Sala 05,L0508,0030C,Mysis 1,Oxigeno,5.08,54
Sala 05,L0509,0030C,Mysis 1,Oxigeno,4.98,54
Sala 05,L0510,0030C,Mysis 1,Oxigeno,4.83,57
Sala 04,L0405,0031C,Mysis 1,Oxigeno,5.55,69
Sala 04,L0406,0031C,Mysis 1,Oxigeno,5.53,69
Sala 04,L0407,0031C,Mysis 1,Oxigeno,5.43,71
Sala 04,L0408,0031C,Mysis 1,Oxigeno,5.50,66
Sala 04,L0409,0031C,Mysis 1,Oxigeno,5.33,69
Sala 04,L0410,0031C,Mysis 1,Oxigeno,5.41,68
Sala 05,L0501,0031C,Mysis 1,Oxigeno,5.35,72
Sala 05,L0502,0031C,Mysis 1,Oxigeno,5.38,70
Sala 05,L0503,0031C,Mysis 1,Oxigeno,5.27,72
Sala 05,L0504,0031C,Mysis 1,Oxigeno,5.32,60
Sala 05,L0505,0031C,Mysis 1,Oxigeno,5.35,59
Sala 05,L0506,0031C,Mysis 1,Oxigeno,5.28,60
Sala 05,L0507,0031C,Mysis 1,Oxigeno,5.36,60
Sala 05,L0508,0031C,Mysis 1,Oxigeno,5.30,60
Sala 05,L0509,0031C,Mysis 1,Oxigeno,5.37,59
Sala 05,L0510,0031C,Mysis 1,Oxigeno,5.38,59
Sala 04,L0405,0032C,Mysis 1,Oxigeno,5.18,65
Sala 04,L0406,0032C,Mysis 1,Oxigeno,5.09,69
Sala 04,L0407,0032C,Mysis 1,Oxigeno,5.09,68
Sala 04,L0408,0032C,Mysis 1,Oxigeno,5.09,62
Sala 04,L0409,0032C,Mysis 1,Oxigeno,5.09,66
Sala 04,L0410,0032C,Mysis 1,Oxigeno,5.09,69
Sala 05,L0501,0032C,Mysis 1,Oxigeno,5.15,61
Sala 05,L0502,0032C,Mysis 1,Oxigeno,5.15,61
Sala 05,L0503,0032C,Mysis 1,Oxigeno,5.16,63
Sala 05,L0504,0032C,Mysis 1,Oxigeno,5.15,63
Sala 05,L0505,0032C,Mysis 1,Oxigeno,5.14,59
Sala 05,L0506,0032C,Mysis 1,Oxigeno,5.14,59
Sala 05,L0507,0032C,Mysis 1,Oxigeno,5.13,59
Sala 05,L0508,0032C,Mysis 1,Oxigeno,5.13,59
Sala 05,L0509,0032C,Mysis 1,Oxigeno,5.17,60
Sala 07,L0701,0032C,Mysis 1,Oxigeno,4.37,62
Sala 07,L0702,0032C,Mysis 1,Oxigeno,4.69,62
Sala 07,L0703,0032C,Mysis 1,Oxigeno,4.54,60
Sala 07,L0704,0032C,Mysis 1,Oxigeno,4.61,60
Sala 07,L0705,0032C,Mysis 1,Oxigeno,4.58,63
Sala 07,L0706,0032C,Mysis 1,Oxigeno,4.58,61
Sala 07,L0707,0032C,Mysis 1,Oxigeno,4.59,60
Sala 07,L0708,0032C,Mysis 1,Oxigeno,4.43,62
Sala 07,L0709,0032C,Mysis 1,Oxigeno,4.55,60
Sala 07,L0710,0032C,Mysis 1,Oxigeno,4.42,60
Sala 07,L0711,0032C,Mysis 1,Oxigeno,4.48,60
Sala 07,L0712,0032C,Mysis 1,Oxigeno,4.53,59
Sala 07,L0713,0032C,Mysis 1,Oxigeno,4.51,66
Sala 07,L0714,0032C,Mysis 1,Oxigeno,4.55,64
Sala 04,L0405,0033C,Mysis 1,Oxigeno,5.34,64
Sala 04,L0406,0033C,Mysis 1,Oxigeno,5.31,64
Sala 04,L0407,0033C,Mysis 1,Oxigeno,5.32,66
Sala 04,L0408,0033C,Mysis 1,Oxigeno,5.35,64
Sala 04,L0409,0033C,Mysis 1,Oxigeno,5.37,64
Sala 04,L0410,0033C,Mysis 1,Oxigeno,5.33,64
Sala 05,L0501,0033C,Mysis 1,Oxigeno,5.40,70
Sala 05,L0502,0033C,Mysis 1,Oxigeno,5.40,72
Sala 05,L0503,0033C,Mysis 1,Oxigeno,5.41,72
Sala 05,L0504,0033C,Mysis 1,Oxigeno,5.43,78
Sala 05,L0505,0033C,Mysis 1,Oxigeno,5.35,76
Sala 05,L0506,0033C,Mysis 1,Oxigeno,5.38,76
Sala 05,L0507,0033C,Mysis 1,Oxigeno,5.40,76
Sala 05,L0508,0033C,Mysis 1,Oxigeno,5.43,73
Sala 05,L0509,0033C,Mysis 1,Oxigeno,5.47,78
Sala 05,L0510,0033C,Mysis 1,Oxigeno,5.41,72
Sala 07,L0701,0033C,Mysis 1,Oxigeno,4.65,54
Sala 07,L0702,0033C,Mysis 1,Oxigeno,4.77,54
Sala 07,L0703,0033C,Mysis 1,Oxigeno,4.75,53
Sala 07,L0704,0033C,Mysis 1,Oxigeno,4.70,54
Sala 07,L0705,0033C,Mysis 1,Oxigeno,4.63,53
Sala 07,L0706,0033C,Mysis 1,Oxigeno,4.65,48
Sala 07,L0707,0033C,Mysis 1,Oxigeno,4.63,53
Sala 07,L0708,0033C,Mysis 1,Oxigeno,4.86,48
Sala 07,L0709,0033C,Mysis 1,Oxigeno,4.65,53
Sala 07,L0710,0033C,Mysis 1,Oxigeno,4.53,53
Sala 07,L0711,0033C,Mysis 1,Oxigeno,4.63,54
Sala 07,L0712,0033C,Mysis 1,Oxigeno,4.58,54
Sala 10,L1008,0033C,Mysis 1,Oxigeno,4.54,55
Sala 10,L1009,0033C,Mysis 1,Oxigeno,4.56,55
Sala 10,L1010,0033C,Mysis 1,Oxigeno,4.53,54
Sala 10,L1011,0033C,Mysis 1,Oxigeno,4.60,55
Sala 10,L1012,0033C,Mysis 1,Oxigeno,4.59,53
Sala 10,L1013,0033C,Mysis 1,Oxigeno,4.60,48
Sala 10,L1014,0033C,Mysis 1,Oxigeno,4.58,48
Sala 04,L0405,0034C,Mysis 1,Oxigeno,5.30,74
Sala 04,L0406,0034C,Mysis 1,Oxigeno,5.27,74
Sala 04,L0407,0034C,Mysis 1,Oxigeno,5.26,73
Sala 04,L0408,0034C,Mysis 1,Oxigeno,5.36,70
Sala 04,L0409,0034C,Mysis 1,Oxigeno,5.34,71
Sala 04,L0410,0034C,Mysis 1,Oxigeno,5.32,71
Sala 05,L0501,0034C,Mysis 1,Oxigeno,5.43,67
Sala 05,L0502,0034C,Mysis 1,Oxigeno,5.44,70
Sala 05,L0503,0034C,Mysis 1,Oxigeno,5.44,67
Sala 05,L0504,0034C,Mysis 1,Oxigeno,5.44,67
Sala 05,L0505,0034C,Mysis 1,Oxigeno,5.43,60
Sala 05,L0506,0034C,Mysis 1,Oxigeno,5.44,61
Sala 05,L0507,0034C,Mysis 1,Oxigeno,5.45,62
Sala 05,L0508,0034C,Mysis 1,Oxigeno,5.43,61
Sala 05,L0509,0034C,Mysis 1,Oxigeno,5.42,63
Sala 05,L0510,0034C,Mysis 1,Oxigeno,5.42,62
Sala 07,L0701,0034C,Mysis 1,Oxigeno,5.33,56
Sala 07,L0702,0034C,Mysis 1,Oxigeno,5.38,56
Sala 07,L0703,0034C,Mysis 1,Oxigeno,5.33,59
Sala 07,L0704,0034C,Mysis 1,Oxigeno,5.27,56
Sala 07,L0705,0034C,Mysis 1,Oxigeno,5.37,55
Sala 07,L0706,0034C,Mysis 1,Oxigeno,5.31,55
Sala 07,L0707,0034C,Mysis 1,Oxigeno,5.33,59
Sala 07,L0708,0034C,Mysis 1,Oxigeno,5.38,54
Sala 07,L0709,0034C,Mysis 1,Oxigeno,5.23,54
Sala 07,L0710,0034C,Mysis 1,Oxigeno,5.28,54
Sala 07,L0711,0034C,Mysis 1,Oxigeno,5.25,55
Sala 07,L0712,0034C,Mysis 1,Oxigeno,5.21,55
Sala 07,L0713,0034C,Mysis 1,Oxigeno,5.27,55
Sala 07,L0714,0034C,Mysis 1,Oxigeno,5.27,63
Sala 10,L1001,0034C,Mysis 1,Oxigeno,4.58,56
Sala 10,L1002,0034C,Mysis 1,Oxigeno,4.65,56
Sala 10,L1003,0034C,Mysis 1,Oxigeno,4.68,57
Sala 10,L1004,0034C,Mysis 1,Oxigeno,4.65,56
Sala 10,L1005,0034C,Mysis 1,Oxigeno,4.63,58
Sala 10,L1006,0034C,Mysis 1,Oxigeno,4.62,58
Sala 10,L1007,0034C,Mysis 1,Oxigeno,4.66,58
Sala 10,L1008,0034C,Mysis 1,Oxigeno,4.67,58
Sala 10,L1009,0034C,Mysis 1,Oxigeno,4.63,58
Sala 10,L1010,0034C,Mysis 1,Oxigeno,4.69,58
Sala 10,L1011,0034C,Mysis 1,Oxigeno,4.68,58
Sala 10,L1012,0034C,Mysis 1,Oxigeno,4.68,55
Sala 10,L1013,0034C,Mysis 1,Oxigeno,4.72,58
Sala 10,L1014,0034C,Mysis 1,Oxigeno,4.68,58
Sala 04,L0406,0035C,Mysis 1,Oxigeno,5.36,77
Sala 04,L0407,0035C,Mysis 1,Oxigeno,5.31,77
Sala 04,L0408,0035C,Mysis 1,Oxigeno,5.38,53
Sala 04,L0409,0035C,Mysis 1,Oxigeno,5.38,50
Sala 04,L0410,0035C,Mysis 1,Oxigeno,5.37,71
Sala 05,L0501,0035C,Mysis 1,Oxigeno,5.07,73
Sala 05,L0502,0035C,Mysis 1,Oxigeno,5.06,71
Sala 05,L0503,0035C,Mysis 1,Oxigeno,5.13,71
Sala 05,L0504,0035C,Mysis 1,Oxigeno,5.18,73
Sala 05,L0505,0035C,Mysis 1,Oxigeno,5.18,57
Sala 05,L0506,0035C,Mysis 1,Oxigeno,5.18,63
Sala 05,L0507,0035C,Mysis 1,Oxigeno,5.14,63
Sala 05,L0508,0035C,Mysis 1,Oxigeno,5.13,61
Sala 05,L0509,0035C,Mysis 1,Oxigeno,5.03,60
Sala 05,L0510,0035C,Mysis 1,Oxigeno,5.08,59
Sala 07,L0701,0035C,Mysis 1,Oxigeno,5.15,63
Sala 07,L0702,0035C,Mysis 1,Oxigeno,5.21,64
Sala 07,L0703,0035C,Mysis 1,Oxigeno,5.17,64
Sala 07,L0704,0035C,Mysis 1,Oxigeno,5.20,63
Sala 07,L0705,0035C,Mysis 1,Oxigeno,5.23,63
Sala 07,L0706,0035C,Mysis 1,Oxigeno,5.15,62
Sala 07,L0707,0035C,Mysis 1,Oxigeno,5.19,64
Sala 07,L0708,0035C,Mysis 1,Oxigeno,5.19,64
Sala 07,L0709,0035C,Mysis 1,Oxigeno,5.17,64
Sala 07,L0710,0035C,Mysis 1,Oxigeno,5.18,51
Sala 07,L0711,0035C,Mysis 1,Oxigeno,5.10,51
Sala 07,L0712,0035C,Mysis 1,Oxigeno,5.18,54
Sala 07,L0713,0035C,Mysis 1,Oxigeno,5.13,68
Sala 07,L0714,0035C,Mysis 1,Oxigeno,5.15,67
Sala 08,L0801,0035C,Mysis 1,Oxigeno,4.99,62
Sala 08,L0802,0035C,Mysis 1,Oxigeno,5.01,58
Sala 08,L0803,0035C,Mysis 1,Oxigeno,5.04,67
Sala 08,L0804,0035C,Mysis 1,Oxigeno,5.10,52
Sala 08,L0805,0035C,Mysis 1,Oxigeno,5.08,61
Sala 08,L0814,0035C,Mysis 1,Oxigeno,5.08,25
Sala 10,L1001,0035C,Mysis 1,Oxigeno,4.56,59
Sala 10,L1002,0035C,Mysis 1,Oxigeno,4.67,59
Sala 10,L1003,0035C,Mysis 1,Oxigeno,4.59,58
Sala 10,L1004,0035C,Mysis 1,Oxigeno,4.57,58
Sala 10,L1007,0035C,Mysis 1,Oxigeno,4.56,63
Sala 10,L1008,0035C,Mysis 1,Oxigeno,4.58,63
Sala 10,L1009,0035C,Mysis 1,Oxigeno,4.52,68
Sala 10,L1010,0035C,Mysis 1,Oxigeno,4.53,63
Sala 10,L1011,0035C,Mysis 1,Oxigeno,4.53,63
Sala 10,L1012,0035C,Mysis 1,Oxigeno,4.56,62
Sala 10,L1013,0035C,Mysis 1,Oxigeno,4.56,61
Sala 10,L1014,0035C,Mysis 1,Oxigeno,4.55,61
Sala 11,L1101,0035C,Mysis 1,Oxigeno,4.64,59
Sala 11,L1102,0035C,Mysis 1,Oxigeno,4.82,60
Sala 11,L1103,0035C,Mysis 1,Oxigeno,4.79,56
Sala 11,L1104,0035C,Mysis 1,Oxigeno,4.91,56
Sala 11,L1105,0035C,Mysis 1,Oxigeno,4.94,56
Sala 11,L1106,0035C,Mysis 1,Oxigeno,4.83,55
Sala 11,L1107,0035C,Mysis 1,Oxigeno,4.81,55
Sala 11,L1108,0035C,Mysis 1,Oxigeno,4.89,56
Sala 11,L1109,0035C,Mysis 1,Oxigeno,4.86,56
Sala 11,L1110,0035C,Mysis 1,Oxigeno,4.96,55
Sala 11,L1111,0035C,Mysis 1,Oxigeno,4.90,55
Sala 11,L1112,0035C,Mysis 1,Oxigeno,4.86,55
Sala 11,L1113,0035C,Mysis 1,Oxigeno,4.91,55
Sala 11,L1114,0035C,Mysis 1,Oxigeno,4.87,62
Sala 04,L0406,0036C,Mysis 1,Oxigeno,5.39,72
Sala 04,L0407,0036C,Mysis 1,Oxigeno,5.41,72
Sala 04,L0408,0036C,Mysis 1,Oxigeno,5.46,72
Sala 04,L0409,0036C,Mysis 1,Oxigeno,5.46,52
Sala 04,L0410,0036C,Mysis 1,Oxigeno,5.44,53
Sala 05,L0501,0036C,Mysis 1,Oxigeno,5.30,63
Sala 05,L0502,0036C,Mysis 1,Oxigeno,5.30,61
Sala 05,L0503,0036C,Mysis 1,Oxigeno,5.28,67
Sala 05,L0504,0036C,Mysis 1,Oxigeno,5.29,64
Sala 05,L0505,0036C,Mysis 1,Oxigeno,5.28,67
Sala 05,L0506,0036C,Mysis 1,Oxigeno,5.28,66
Sala 05,L0507,0036C,Mysis 1,Oxigeno,5.28,75
Sala 05,L0508,0036C,Mysis 1,Oxigeno,5.28,61
Sala 05,L0509,0036C,Mysis 1,Oxigeno,5.30,64
Sala 05,L0510,0036C,Mysis 1,Oxigeno,5.30,41
Sala 06,L0606,0036C,Mysis 1,Oxigeno,4.70,53
Sala 06,L0607,0036C,Mysis 1,Oxigeno,4.68,54
Sala 07,L0701,0036C,Mysis 1,Oxigeno,5.05,52
Sala 07,L0702,0036C,Mysis 1,Oxigeno,5.03,53
Sala 07,L0703,0036C,Mysis 1,Oxigeno,5.13,54
Sala 07,L0704,0036C,Mysis 1,Oxigeno,5.13,55
Sala 07,L0705,0036C,Mysis 1,Oxigeno,5.23,50
Sala 07,L0706,0036C,Mysis 1,Oxigeno,5.18,50
Sala 07,L0707,0036C,Mysis 1,Oxigeno,5.22,50
Sala 07,L0708,0036C,Mysis 1,Oxigeno,5.21,49
Sala 07,L0709,0036C,Mysis 1,Oxigeno,5.23,48
Sala 07,L0710,0036C,Mysis 1,Oxigeno,5.21,51
Sala 07,L0711,0036C,Mysis 1,Oxigeno,5.20,51
Sala 07,L0712,0036C,Mysis 1,Oxigeno,5.20,51
Sala 07,L0713,0036C,Mysis 1,Oxigeno,5.18,54
Sala 07,L0714,0036C,Mysis 1,Oxigeno,5.19,59
Sala 08,L0801,0036C,Mysis 1,Oxigeno,5.00,62
Sala 08,L0802,0036C,Mysis 1,Oxigeno,5.04,62
Sala 08,L0803,0036C,Mysis 1,Oxigeno,4.85,55
Sala 08,L0804,0036C,Mysis 1,Oxigeno,5.04,65
Sala 08,L0805,0036C,Mysis 1,Oxigeno,5.08,60
Sala 08,L0806,0036C,Mysis 1,Oxigeno,5.06,71
Sala 08,L0807,0036C,Mysis 1,Oxigeno,5.16,70
Sala 08,L0808,0036C,Mysis 1,Oxigeno,5.06,51
Sala 08,L0809,0036C,Mysis 1,Oxigeno,5.11,57
Sala 08,L0810,0036C,Mysis 1,Oxigeno,4.94,51
Sala 08,L0811,0036C,Mysis 1,Oxigeno,4.99,52
Sala 08,L0812,0036C,Mysis 1,Oxigeno,4.88,53
Sala 10,L1001,0036C,Mysis 1,Oxigeno,4.43,56
Sala 10,L1002,0036C,Mysis 1,Oxigeno,4.43,56
Sala 10,L1003,0036C,Mysis 1,Oxigeno,4.43,54
Sala 10,L1004,0036C,Mysis 1,Oxigeno,4.43,56
Sala 10,L1005,0036C,Mysis 1,Oxigeno,4.42,54
Sala 10,L1006,0036C,Mysis 1,Oxigeno,4.42,52
Sala 10,L1013,0036C,Mysis 1,Oxigeno,4.50,60
Sala 10,L1014,0036C,Mysis 1,Oxigeno,4.54,61
Sala 11,L1101,0036C,Mysis 1,Oxigeno,5.92,59
Sala 11,L1102,0036C,Mysis 1,Oxigeno,5.74,60
Sala 11,L1103,0036C,Mysis 1,Oxigeno,5.69,55
Sala 11,L1104,0036C,Mysis 1,Oxigeno,5.72,55
Sala 11,L1105,0036C,Mysis 1,Oxigeno,5.83,55
Sala 11,L1106,0036C,Mysis 1,Oxigeno,5.76,56
Sala 11,L1107,0036C,Mysis 1,Oxigeno,5.82,56
Sala 11,L1108,0036C,Mysis 1,Oxigeno,5.62,56
Sala 11,L1109,0036C,Mysis 1,Oxigeno,5.67,56
Sala 11,L1110,0036C,Mysis 1,Oxigeno,5.69,55
Sala 11,L1111,0036C,Mysis 1,Oxigeno,5.76,56
Sala 11,L1112,0036C,Mysis 1,Oxigeno,5.64,56
Sala 11,L1113,0036C,Mysis 1,Oxigeno,5.67,58
Sala 11,L1114,0036C,Mysis 1,Oxigeno,5.68,58
Sala 04,L0406,0037C,Mysis 1,Oxigeno,5.35,52
Sala 04,L0407,0037C,Mysis 1,Oxigeno,5.26,50
Sala 04,L0408,0037C,Mysis 1,Oxigeno,5.33,46
Sala 04,L0409,0037C,Mysis 1,Oxigeno,5.32,38
Sala 05,L0501,0037C,Mysis 1,Oxigeno,5.23,67
Sala 05,L0502,0037C,Mysis 1,Oxigeno,5.23,70
Sala 05,L0503,0037C,Mysis 1,Oxigeno,5.21,70
Sala 05,L0504,0037C,Mysis 1,Oxigeno,5.21,70
Sala 05,L0505,0037C,Mysis 1,Oxigeno,5.22,67
Sala 05,L0506,0037C,Mysis 1,Oxigeno,5.22,64
Sala 05,L0507,0037C,Mysis 1,Oxigeno,5.20,64
Sala 05,L0508,0037C,Mysis 1,Oxigeno,5.17,63
Sala 05,L0509,0037C,Mysis 1,Oxigeno,5.18,42
Sala 05,L0510,0037C,Mysis 1,Oxigeno,5.19,38
Sala 06,L0601,0037C,Mysis 1,Oxigeno,4.58,53
Sala 06,L0602,0037C,Mysis 1,Oxigeno,4.57,54
Sala 06,L0603,0037C,Mysis 1,Oxigeno,4.55,54
Sala 06,L0604,0037C,Mysis 1,Oxigeno,4.60,54
Sala 06,L0605,0037C,Mysis 1,Oxigeno,4.55,53
Sala 06,L0606,0037C,Mysis 1,Oxigeno,4.68,55
Sala 06,L0607,0037C,Mysis 1,Oxigeno,4.59,54
Sala 06,L0608,0037C,Mysis 1,Oxigeno,4.75,56
Sala 06,L0609,0037C,Mysis 1,Oxigeno,4.49,54
Sala 06,L0610,0037C,Mysis 1,Oxigeno,4.65,55
Sala 06,L0611,0037C,Mysis 1,Oxigeno,4.54,55
Sala 06,L0612,0037C,Mysis 1,Oxigeno,4.47,55
Sala 06,L0613,0037C,Mysis 1,Oxigeno,4.58,56
Sala 06,L0614,0037C,Mysis 1,Oxigeno,4.71,56
Sala 07,L0701,0037C,Mysis 1,Oxigeno,5.30,55
Sala 07,L0702,0037C,Mysis 1,Oxigeno,5.37,54
Sala 07,L0703,0037C,Mysis 1,Oxigeno,5.37,56
Sala 07,L0704,0037C,Mysis 1,Oxigeno,5.34,56
Sala 07,L0705,0037C,Mysis 1,Oxigeno,5.33,56
Sala 07,L0706,0037C,Mysis 1,Oxigeno,5.38,56
Sala 07,L0707,0037C,Mysis 1,Oxigeno,5.39,55
Sala 07,L0708,0037C,Mysis 1,Oxigeno,5.54,55
Sala 07,L0709,0037C,Mysis 1,Oxigeno,5.47,57
Sala 07,L0710,0037C,Mysis 1,Oxigeno,5.42,55
Sala 07,L0711,0037C,Mysis 1,Oxigeno,5.37,55
Sala 07,L0712,0037C,Mysis 1,Oxigeno,5.34,56
Sala 07,L0713,0037C,Mysis 1,Oxigeno,5.34,62
Sala 07,L0714,0037C,Mysis 1,Oxigeno,5.34,62
Sala 08,L0801,0037C,Mysis 1,Oxigeno,4.64,60
Sala 08,L0802,0037C,Mysis 1,Oxigeno,4.76,62
Sala 08,L0803,0037C,Mysis 1,Oxigeno,4.68,52
Sala 08,L0804,0037C,Mysis 1,Oxigeno,4.71,57
Sala 08,L0805,0037C,Mysis 1,Oxigeno,4.63,55
Sala 08,L0806,0037C,Mysis 1,Oxigeno,4.66,52
Sala 08,L0807,0037C,Mysis 1,Oxigeno,4.72,54
Sala 08,L0808,0037C,Mysis 1,Oxigeno,4.63,59
Sala 08,L0809,0037C,Mysis 1,Oxigeno,4.61,57
Sala 08,L0810,0037C,Mysis 1,Oxigeno,4.63,55
Sala 08,L0811,0037C,Mysis 1,Oxigeno,4.63,59
Sala 08,L0812,0037C,Mysis 1,Oxigeno,4.59,59
Sala 08,L0813,0037C,Mysis 1,Oxigeno,4.61,54
Sala 08,L0814,0037C,Mysis 1,Oxigeno,4.83,55
Sala 09,L0901,0037C,Mysis 1,Oxigeno,5.47,55
Sala 09,L0902,0037C,Mysis 1,Oxigeno,5.60,55
Sala 09,L0903,0037C,Mysis 1,Oxigeno,5.60,55
Sala 09,L0904,0037C,Mysis 1,Oxigeno,5.60,55
Sala 09,L0905,0037C,Mysis 1,Oxigeno,5.51,55
Sala 09,L0906,0037C,Mysis 1,Oxigeno,5.48,57
Sala 09,L0907,0037C,Mysis 1,Oxigeno,5.59,57
Sala 09,L0908,0037C,Mysis 1,Oxigeno,5.57,57
Sala 09,L0909,0037C,Mysis 1,Oxigeno,5.49,57
Sala 09,L0911,0037C,Mysis 1,Oxigeno,5.60,57
Sala 09,L0912,0037C,Mysis 1,Oxigeno,5.62,57
Sala 09,L0913,0037C,Mysis 1,Oxigeno,5.66,58
Sala 09,L0914,0037C,Mysis 1,Oxigeno,5.57,59
Sala 10,L1001,0037C,Mysis 1,Oxigeno,4.74,57
Sala 10,L1002,0037C,Mysis 1,Oxigeno,4.70,53
Sala 10,L1003,0037C,Mysis 1,Oxigeno,4.61,55
Sala 10,L1004,0037C,Mysis 1,Oxigeno,4.66,51
Sala 10,L1005,0037C,Mysis 1,Oxigeno,4.67,53
Sala 10,L1006,0037C,Mysis 1,Oxigeno,4.63,56
Sala 10,L1007,0037C,Mysis 1,Oxigeno,4.64,59
Sala 10,L1008,0037C,Mysis 1,Oxigeno,4.60,56
Sala 10,L1009,0037C,Mysis 1,Oxigeno,4.66,55
Sala 10,L1010,0037C,Mysis 1,Oxigeno,4.57,55
Sala 10,L1011,0037C,Mysis 1,Oxigeno,4.56,55
Sala 10,L1012,0037C,Mysis 1,Oxigeno,4.57,59
